ID_ENTITY_PUB,ID_ENTITY,ID_PUB,citation
6,1605,4,Atanassova J (2007) Pollen deposition in moss polsters and pollen traps in the Central Stara Planina Mts (2002-2005). Phytologia Balcanica 13 (2):223-228
7,1606,4,Atanassova J (2007) Pollen deposition in moss polsters and pollen traps in the Central Stara Planina Mts (2002-2005). Phytologia Balcanica 13 (2):223-228
8,1607,4,Atanassova J (2007) Pollen deposition in moss polsters and pollen traps in the Central Stara Planina Mts (2002-2005). Phytologia Balcanica 13 (2):223-228
9,1608,4,Atanassova J (2007) Pollen deposition in moss polsters and pollen traps in the Central Stara Planina Mts (2002-2005). Phytologia Balcanica 13 (2):223-228
10,1609,4,Atanassova J (2007) Pollen deposition in moss polsters and pollen traps in the Central Stara Planina Mts (2002-2005). Phytologia Balcanica 13 (2):223-228
11,1097,5,"Atanassova, J. (1995) Dinoflagelate cysts of Late Quaternary and recent sediments from the western Black sea. Annual of Sofia University, Faculty of Biology 87(2):17-28."
13,2108,5,"Atanassova, J. (1995) Dinoflagelate cysts of Late Quaternary and recent sediments from the western Black sea. Annual of Sofia University, Faculty of Biology 87(2):17-28."
14,1097,6,"Atanassova, J. (1995) Palynological data of three deep water cores from the western part of the Black sea. Pages 68-83 in E. Bozilova and S. Tonkov, editors. Advances in Holocene palaeoecology in Bulgaria. Sofia."
16,2105,8,"Athanasiadis, N., A. Gerasimidis, E. Eleftheriadou, and K. Theodoropoulos (1993) Zur postglazialen Vegetationsentwicklung des Rhodopi-Gebirges (Elatia Dramas - Griechenland). [The postglacial evolution of vegetation of the Greek mount Rhodopes (Elatia Dramas - Griechenland)]. Dissertationes botanicae, 196:427-437."
17,2065,9,"Athanasiadis, N. (1975) Zur postglazialen Vegetationsentwicklung von Litochoro Katerinis und Pertouli Trikalon (Griechenland), 164(1), 99-132."
18,2066,9,"Athanasiadis, N. (1975) Zur postglazialen Vegetationsentwicklung von Litochoro Katerinis und Pertouli Trikalon (Griechenland), 164(1), 99-132."
19,1813,10,"Atherden, M.A., and Hall, J.A. (1999) Human impact on vegetation in the White Mountains of Crete since AD 500. The Holocene, 9(2):183-193."
20,1814,10,"Atherden, M.A., and Hall, J.A. (1999) Human impact on vegetation in the White Mountains of Crete since AD 500. The Holocene, 9(2):183-193."
21,2110,10,"Atherden, M.A., and Hall, J.A. (1999) Human impact on vegetation in the White Mountains of Crete since AD 500. The Holocene, 9(2):183-193."
22,2111,10,"Atherden, M.A., and Hall, J.A. (1999) Human impact on vegetation in the White Mountains of Crete since AD 500. The Holocene, 9(2):183-193."
23,2112,10,"Atherden, M.A., and Hall, J.A. (1999) Human impact on vegetation in the White Mountains of Crete since AD 500. The Holocene, 9(2):183-193."
30,1691,16,"Björkman, L., Feurdean, A., and Wohlfarth, B., (2003) Late-Glacial and Holocene forest dynamics at Steregoiu in the Gutaiului Mountains, Northwest Romania. Review of Palaeobotany and palynology 124:79-111"
33,8,19,"Bottema, S, (1986) A late Quaternary pollen diagram from Lake Urmia (northwestern Iran). Review of Palaeobotany and Palynology 47: 241-261."
44,1341,24,"Bottema, S., (1982) Palynological investigations in Greece with special reference to pollen as indicator of human activity. Palaeohistoria, 24: 257-289."
55,1329,26,"Bottema, S., and Woldring, H. (1984) Late Quaternary vegetation and climate of southwestern Turkey. Part II. Palaeohistoria 26:123-149."
60,1324,27,"Bottema,S., Woldring, H. and Aytug, B. (1993) Late Quaternary vegetation history of northern Turkey. Palaeohistoria 35/36: 13-72"
62,1354,27,"Bottema,S., Woldring, H. and Aytug, B. (1993) Late Quaternary vegetation history of northern Turkey. Palaeohistoria 35/36: 13-72"
70,1694,31,"Bozilova, E., and A.G. Smit 1979. Palynology of lake Sucho Ezero from South Rila Mountain (Bulgaria). Phytologia 11:54-67."
76,1694,36,"Bozilova, E., S. Tonkov, and D. Pavloa. 1986. Pollen and plant macrofossil analyses of the Lake Sucho Ezero in the south Rila mountains. Jn. Annual of Sofia University, Faculty of Biology 80(2):48-57"
80,1060,40,"Cagatay, M. N., Gorur, N., Algan, O., Eastoe, C., Tchapalyga, A., Ongan, D., Kuhn, T., and Kuscu, I. (2000) Late GlacialHolocene palaeoceanography of the Sea of Marmara: timing of connections with the Mediterranean and the Black Seas. Marine Geology 167 (3-4):191-206"
81,1060,41,"Caner, H. and Algan, O. 2002. Palynology of sapropelic layers from the Marmara Sea. Marine Geology 190: 35-46."
82,1071,41,"Caner, H. and Algan, O. 2002. Palynology of sapropelic layers from the Marmara Sea. Marine Geology 190: 35-46."
83,1059,42,"Catagay, M.N., Algan, O.,Sakinc,M., Eastoe, C.J., Egesel, L., Balkis,N., Ongan, D., Caner, H., 1999. A mid-late Holocene sapropelic sediment unit from the southern Mamarara Sea shelf and its paleoceanographic significance. Quaternary Science Review 18:531-540"
85,7,44,"Connor SE, Thomas I, Kvavadze EV (2007) A 5600-yr history of changing vegetation, sea levels and human impacts from the Black Sea coast of Georgia. The Holocene 17:25-36. doi: 10.1177/0959683607073270"
86,2101,45,"Connor, S.E., D. Colombaroli, F. Confortini, E. Gobet, B.P. Ilyashuk, E.A. Ilyashuk, J.F.N. van Leeuwen, M. Lamentowicz, W.O. van der Knaap, E. Malysheva, A. Marchetto, N. Margalitadze, Y. Mazei, E.A.D. Mitchell, R.J. Payne, and B. Ammann. 2017. Long-term population dynamics  theory and reality in a peatland ecosystem. Journal of Ecology DOI: 10.1111/1365-2745.12865. "
87,1828,46,"Connor, S.E., S.A. Ross, A. Sobotkova, A.I.R. Herries, S.D. Mooney, C. Longford, and I. Iliev. 2013. Environmental conditions in the SE Balkans since the Last Glacial Maximum and their influence on the spread of agriculture into Europe. Quaternary Science Reviews, 68:200-215."
89,4,47,"Connor, SE, and Kvavadze, EV, 2005. Climatic and human influences on vegetation dynamics around Tbilisi over the past 6000 years. Proceedings of the Georgian Academy of Sciences, Biological Series B3: 64-76."
90,5,48,"Connor, SE, and Sagona, A, (2007) Environment and society in the late prehistory of southern Georgia, Caucasus. Caucasus in B. Lyonnet (ed.) Les cultures du Caucase (VI-IIIeme millenaires av. notrere). Leurs relations avec le Proche-Orient Ancien, Peeters Press, pp. 21-26"
91,6,48,"Connor, SE, and Sagona, A, (2007) Environment and society in the late prehistory of southern Georgia, Caucasus. Caucasus in B. Lyonnet (ed.) Les cultures du Caucase (VI-IIIeme millenaires av. notrere). Leurs relations avec le Proche-Orient Ancien, Peeters Press, pp. 21-26"
92,6,49,"Connor, SE, Thomas, I, Kvavadze, EV, Arabuli, GJ, Avakov, GS, & Sagona, A, 2004. A survey of modern pollen and vegetation along an altitudinal transect in southern Georgia, Caucasus region. Review of Palaeobotany and Palynology 129: 229-250."
93,1193,49,"Connor, SE, Thomas, I, Kvavadze, EV, Arabuli, GJ, Avakov, GS, & Sagona, A, 2004. A survey of modern pollen and vegetation along an altitudinal transect in southern Georgia, Caucasus region. Review of Palaeobotany and Palynology 129: 229-250."
94,1194,49,"Connor, SE, Thomas, I, Kvavadze, EV, Arabuli, GJ, Avakov, GS, & Sagona, A, 2004. A survey of modern pollen and vegetation along an altitudinal transect in southern Georgia, Caucasus region. Review of Palaeobotany and Palynology 129: 229-250."
95,1195,49,"Connor, SE, Thomas, I, Kvavadze, EV, Arabuli, GJ, Avakov, GS, & Sagona, A, 2004. A survey of modern pollen and vegetation along an altitudinal transect in southern Georgia, Caucasus region. Review of Palaeobotany and Palynology 129: 229-250."
96,1196,49,"Connor, SE, Thomas, I, Kvavadze, EV, Arabuli, GJ, Avakov, GS, & Sagona, A, 2004. A survey of modern pollen and vegetation along an altitudinal transect in southern Georgia, Caucasus region. Review of Palaeobotany and Palynology 129: 229-250."
97,1190,49,"Connor, SE, Thomas, I, Kvavadze, EV, Arabuli, GJ, Avakov, GS, & Sagona, A, 2004. A survey of modern pollen and vegetation along an altitudinal transect in southern Georgia, Caucasus region. Review of Palaeobotany and Palynology 129: 229-250."
98,1191,49,"Connor, SE, Thomas, I, Kvavadze, EV, Arabuli, GJ, Avakov, GS, & Sagona, A, 2004. A survey of modern pollen and vegetation along an altitudinal transect in southern Georgia, Caucasus region. Review of Palaeobotany and Palynology 129: 229-250."
99,1192,49,"Connor, SE, Thomas, I, Kvavadze, EV, Arabuli, GJ, Avakov, GS, & Sagona, A, 2004. A survey of modern pollen and vegetation along an altitudinal transect in southern Georgia, Caucasus region. Review of Palaeobotany and Palynology 129: 229-250."
100,1179,49,"Connor, SE, Thomas, I, Kvavadze, EV, Arabuli, GJ, Avakov, GS, & Sagona, A, 2004. A survey of modern pollen and vegetation along an altitudinal transect in southern Georgia, Caucasus region. Review of Palaeobotany and Palynology 129: 229-250."
101,1180,49,"Connor, SE, Thomas, I, Kvavadze, EV, Arabuli, GJ, Avakov, GS, & Sagona, A, 2004. A survey of modern pollen and vegetation along an altitudinal transect in southern Georgia, Caucasus region. Review of Palaeobotany and Palynology 129: 229-250."
102,1181,49,"Connor, SE, Thomas, I, Kvavadze, EV, Arabuli, GJ, Avakov, GS, & Sagona, A, 2004. A survey of modern pollen and vegetation along an altitudinal transect in southern Georgia, Caucasus region. Review of Palaeobotany and Palynology 129: 229-250."
103,1182,49,"Connor, SE, Thomas, I, Kvavadze, EV, Arabuli, GJ, Avakov, GS, & Sagona, A, 2004. A survey of modern pollen and vegetation along an altitudinal transect in southern Georgia, Caucasus region. Review of Palaeobotany and Palynology 129: 229-250."
104,5,49,"Connor, SE, Thomas, I, Kvavadze, EV, Arabuli, GJ, Avakov, GS, & Sagona, A, 2004. A survey of modern pollen and vegetation along an altitudinal transect in southern Georgia, Caucasus region. Review of Palaeobotany and Palynology 129: 229-250."
105,1186,49,"Connor, SE, Thomas, I, Kvavadze, EV, Arabuli, GJ, Avakov, GS, & Sagona, A, 2004. A survey of modern pollen and vegetation along an altitudinal transect in southern Georgia, Caucasus region. Review of Palaeobotany and Palynology 129: 229-250."
106,1187,49,"Connor, SE, Thomas, I, Kvavadze, EV, Arabuli, GJ, Avakov, GS, & Sagona, A, 2004. A survey of modern pollen and vegetation along an altitudinal transect in southern Georgia, Caucasus region. Review of Palaeobotany and Palynology 129: 229-250."
107,1188,49,"Connor, SE, Thomas, I, Kvavadze, EV, Arabuli, GJ, Avakov, GS, & Sagona, A, 2004. A survey of modern pollen and vegetation along an altitudinal transect in southern Georgia, Caucasus region. Review of Palaeobotany and Palynology 129: 229-250."
108,1189,49,"Connor, SE, Thomas, I, Kvavadze, EV, Arabuli, GJ, Avakov, GS, & Sagona, A, 2004. A survey of modern pollen and vegetation along an altitudinal transect in southern Georgia, Caucasus region. Review of Palaeobotany and Palynology 129: 229-250."
109,3,49,"Connor, SE, Thomas, I, Kvavadze, EV, Arabuli, GJ, Avakov, GS, & Sagona, A, 2004. A survey of modern pollen and vegetation along an altitudinal transect in southern Georgia, Caucasus region. Review of Palaeobotany and Palynology 129: 229-250."
110,1172,49,"Connor, SE, Thomas, I, Kvavadze, EV, Arabuli, GJ, Avakov, GS, & Sagona, A, 2004. A survey of modern pollen and vegetation along an altitudinal transect in southern Georgia, Caucasus region. Review of Palaeobotany and Palynology 129: 229-250."
111,1173,49,"Connor, SE, Thomas, I, Kvavadze, EV, Arabuli, GJ, Avakov, GS, & Sagona, A, 2004. A survey of modern pollen and vegetation along an altitudinal transect in southern Georgia, Caucasus region. Review of Palaeobotany and Palynology 129: 229-250."
112,1174,49,"Connor, SE, Thomas, I, Kvavadze, EV, Arabuli, GJ, Avakov, GS, & Sagona, A, 2004. A survey of modern pollen and vegetation along an altitudinal transect in southern Georgia, Caucasus region. Review of Palaeobotany and Palynology 129: 229-250."
113,2,49,"Connor, SE, Thomas, I, Kvavadze, EV, Arabuli, GJ, Avakov, GS, & Sagona, A, 2004. A survey of modern pollen and vegetation along an altitudinal transect in southern Georgia, Caucasus region. Review of Palaeobotany and Palynology 129: 229-250."
114,1197,49,"Connor, SE, Thomas, I, Kvavadze, EV, Arabuli, GJ, Avakov, GS, & Sagona, A, 2004. A survey of modern pollen and vegetation along an altitudinal transect in southern Georgia, Caucasus region. Review of Palaeobotany and Palynology 129: 229-250."
115,1169,49,"Connor, SE, Thomas, I, Kvavadze, EV, Arabuli, GJ, Avakov, GS, & Sagona, A, 2004. A survey of modern pollen and vegetation along an altitudinal transect in southern Georgia, Caucasus region. Review of Palaeobotany and Palynology 129: 229-250."
116,1170,49,"Connor, SE, Thomas, I, Kvavadze, EV, Arabuli, GJ, Avakov, GS, & Sagona, A, 2004. A survey of modern pollen and vegetation along an altitudinal transect in southern Georgia, Caucasus region. Review of Palaeobotany and Palynology 129: 229-250."
117,1171,49,"Connor, SE, Thomas, I, Kvavadze, EV, Arabuli, GJ, Avakov, GS, & Sagona, A, 2004. A survey of modern pollen and vegetation along an altitudinal transect in southern Georgia, Caucasus region. Review of Palaeobotany and Palynology 129: 229-250."
118,1183,49,"Connor, SE, Thomas, I, Kvavadze, EV, Arabuli, GJ, Avakov, GS, & Sagona, A, 2004. A survey of modern pollen and vegetation along an altitudinal transect in southern Georgia, Caucasus region. Review of Palaeobotany and Palynology 129: 229-250."
119,1184,49,"Connor, SE, Thomas, I, Kvavadze, EV, Arabuli, GJ, Avakov, GS, & Sagona, A, 2004. A survey of modern pollen and vegetation along an altitudinal transect in southern Georgia, Caucasus region. Review of Palaeobotany and Palynology 129: 229-250."
120,1185,49,"Connor, SE, Thomas, I, Kvavadze, EV, Arabuli, GJ, Avakov, GS, & Sagona, A, 2004. A survey of modern pollen and vegetation along an altitudinal transect in southern Georgia, Caucasus region. Review of Palaeobotany and Palynology 129: 229-250."
121,1175,49,"Connor, SE, Thomas, I, Kvavadze, EV, Arabuli, GJ, Avakov, GS, & Sagona, A, 2004. A survey of modern pollen and vegetation along an altitudinal transect in southern Georgia, Caucasus region. Review of Palaeobotany and Palynology 129: 229-250."
122,1176,49,"Connor, SE, Thomas, I, Kvavadze, EV, Arabuli, GJ, Avakov, GS, & Sagona, A, 2004. A survey of modern pollen and vegetation along an altitudinal transect in southern Georgia, Caucasus region. Review of Palaeobotany and Palynology 129: 229-250."
123,1177,49,"Connor, SE, Thomas, I, Kvavadze, EV, Arabuli, GJ, Avakov, GS, & Sagona, A, 2004. A survey of modern pollen and vegetation along an altitudinal transect in southern Georgia, Caucasus region. Review of Palaeobotany and Palynology 129: 229-250."
124,1178,49,"Connor, SE, Thomas, I, Kvavadze, EV, Arabuli, GJ, Avakov, GS, & Sagona, A, 2004. A survey of modern pollen and vegetation along an altitudinal transect in southern Georgia, Caucasus region. Review of Palaeobotany and Palynology 129: 229-250."
125,2086,50,"Connor, Simon Edward (2006) A promethean legacy: late quaternary vegetation history of Southern Georgia, Caucasus. PhD Thesis, Faculty of Arts, Social and Environmental Enquiry, University of Melbourne."
126,2087,50,"Connor, Simon Edward (2006) A promethean legacy: late quaternary vegetation history of Southern Georgia, Caucasus. PhD Thesis, Faculty of Arts, Social and Environmental Enquiry, University of Melbourne."
127,2088,50,"Connor, Simon Edward (2006) A promethean legacy: late quaternary vegetation history of Southern Georgia, Caucasus. PhD Thesis, Faculty of Arts, Social and Environmental Enquiry, University of Melbourne."
128,2083,50,"Connor, Simon Edward (2006) A promethean legacy: late quaternary vegetation history of Southern Georgia, Caucasus. PhD Thesis, Faculty of Arts, Social and Environmental Enquiry, University of Melbourne."
129,2084,50,"Connor, Simon Edward (2006) A promethean legacy: late quaternary vegetation history of Southern Georgia, Caucasus. PhD Thesis, Faculty of Arts, Social and Environmental Enquiry, University of Melbourne."
130,2085,50,"Connor, Simon Edward (2006) A promethean legacy: late quaternary vegetation history of Southern Georgia, Caucasus. PhD Thesis, Faculty of Arts, Social and Environmental Enquiry, University of Melbourne."
131,2081,50,"Connor, Simon Edward (2006) A promethean legacy: late quaternary vegetation history of Southern Georgia, Caucasus. PhD Thesis, Faculty of Arts, Social and Environmental Enquiry, University of Melbourne."
132,2082,50,"Connor, Simon Edward (2006) A promethean legacy: late quaternary vegetation history of Southern Georgia, Caucasus. PhD Thesis, Faculty of Arts, Social and Environmental Enquiry, University of Melbourne."
133,2089,50,"Connor, Simon Edward (2006) A promethean legacy: late quaternary vegetation history of Southern Georgia, Caucasus. PhD Thesis, Faculty of Arts, Social and Environmental Enquiry, University of Melbourne."
134,2090,50,"Connor, Simon Edward (2006) A promethean legacy: late quaternary vegetation history of Southern Georgia, Caucasus. PhD Thesis, Faculty of Arts, Social and Environmental Enquiry, University of Melbourne."
135,2091,50,"Connor, Simon Edward (2006) A promethean legacy: late quaternary vegetation history of Southern Georgia, Caucasus. PhD Thesis, Faculty of Arts, Social and Environmental Enquiry, University of Melbourne."
136,2092,50,"Connor, Simon Edward (2006) A promethean legacy: late quaternary vegetation history of Southern Georgia, Caucasus. PhD Thesis, Faculty of Arts, Social and Environmental Enquiry, University of Melbourne."
137,2093,50,"Connor, Simon Edward (2006) A promethean legacy: late quaternary vegetation history of Southern Georgia, Caucasus. PhD Thesis, Faculty of Arts, Social and Environmental Enquiry, University of Melbourne."
138,2095,50,"Connor, Simon Edward (2006) A promethean legacy: late quaternary vegetation history of Southern Georgia, Caucasus. PhD Thesis, Faculty of Arts, Social and Environmental Enquiry, University of Melbourne."
139,2094,50,"Connor, Simon Edward (2006) A promethean legacy: late quaternary vegetation history of Southern Georgia, Caucasus. PhD Thesis, Faculty of Arts, Social and Environmental Enquiry, University of Melbourne."
140,4,50,"Connor, Simon Edward (2006) A promethean legacy: late quaternary vegetation history of Southern Georgia, Caucasus. PhD Thesis, Faculty of Arts, Social and Environmental Enquiry, University of Melbourne."
141,1309,51,"Cordova CE, Lehman PH (2003) Archaeopalynology of synanthropic vegetation in the chora of Chersonesos, Crimea, Ukraine. Journal of Archaeological Science 30 (11):1483-1501"
142,1310,51,"Cordova CE, Lehman PH (2003) Archaeopalynology of synanthropic vegetation in the chora of Chersonesos, Crimea, Ukraine. Journal of Archaeological Science 30 (11):1483-1501"
143,1311,51,"Cordova CE, Lehman PH (2003) Archaeopalynology of synanthropic vegetation in the chora of Chersonesos, Crimea, Ukraine. Journal of Archaeological Science 30 (11):1483-1501"
144,1313,51,"Cordova CE, Lehman PH (2003) Archaeopalynology of synanthropic vegetation in the chora of Chersonesos, Crimea, Ukraine. Journal of Archaeological Science 30 (11):1483-1501"
146,1095,51,"Cordova CE, Lehman PH (2003) Archaeopalynology of synanthropic vegetation in the chora of Chersonesos, Crimea, Ukraine. Journal of Archaeological Science 30 (11):1483-1501"
147,1094,52,"Cordova, C.E. (2007). Millenial Landscape Change in Jordan: Geoarchaeology and Cultural Ecology. Tucson: University of Arizona Pres 272 p."
148,1284,53,"Cordova, C.E. (2007). Millenial Landscape Change in Jordan: Geoarchaeology and Cultural. The University of Arizona Press, Tucson, Arizona"
149,1293,53,"Cordova, C.E. (2007). Millenial Landscape Change in Jordan: Geoarchaeology and Cultural. The University of Arizona Press, Tucson, Arizona"
150,1294,53,"Cordova, C.E. (2007). Millenial Landscape Change in Jordan: Geoarchaeology and Cultural. The University of Arizona Press, Tucson, Arizona"
151,1295,53,"Cordova, C.E. (2007). Millenial Landscape Change in Jordan: Geoarchaeology and Cultural. The University of Arizona Press, Tucson, Arizona"
152,1296,53,"Cordova, C.E. (2007). Millenial Landscape Change in Jordan: Geoarchaeology and Cultural. The University of Arizona Press, Tucson, Arizona"
153,1297,53,"Cordova, C.E. (2007). Millenial Landscape Change in Jordan: Geoarchaeology and Cultural. The University of Arizona Press, Tucson, Arizona"
154,1298,53,"Cordova, C.E. (2007). Millenial Landscape Change in Jordan: Geoarchaeology and Cultural. The University of Arizona Press, Tucson, Arizona"
155,1299,53,"Cordova, C.E. (2007). Millenial Landscape Change in Jordan: Geoarchaeology and Cultural. The University of Arizona Press, Tucson, Arizona"
156,1285,53,"Cordova, C.E. (2007). Millenial Landscape Change in Jordan: Geoarchaeology and Cultural. The University of Arizona Press, Tucson, Arizona"
157,1286,53,"Cordova, C.E. (2007). Millenial Landscape Change in Jordan: Geoarchaeology and Cultural. The University of Arizona Press, Tucson, Arizona"
158,1287,53,"Cordova, C.E. (2007). Millenial Landscape Change in Jordan: Geoarchaeology and Cultural. The University of Arizona Press, Tucson, Arizona"
159,1288,53,"Cordova, C.E. (2007). Millenial Landscape Change in Jordan: Geoarchaeology and Cultural. The University of Arizona Press, Tucson, Arizona"
160,1289,53,"Cordova, C.E. (2007). Millenial Landscape Change in Jordan: Geoarchaeology and Cultural. The University of Arizona Press, Tucson, Arizona"
161,1290,53,"Cordova, C.E. (2007). Millenial Landscape Change in Jordan: Geoarchaeology and Cultural. The University of Arizona Press, Tucson, Arizona"
162,1291,53,"Cordova, C.E. (2007). Millenial Landscape Change in Jordan: Geoarchaeology and Cultural. The University of Arizona Press, Tucson, Arizona"
163,1292,53,"Cordova, C.E. (2007). Millenial Landscape Change in Jordan: Geoarchaeology and Cultural. The University of Arizona Press, Tucson, Arizona"
165,1300,54,"Cordova, C.E. and P.H. Lehman. 2005. Holocene environmental change in southwestern Crimea (Ukraine) in pollen and soil records.  The Holocene 15:263-277."
166,1308,54,"Cordova, C.E. and P.H. Lehman. 2005. Holocene environmental change in southwestern Crimea (Ukraine) in pollen and soil records.  The Holocene 15:263-277."
167,1309,54,"Cordova, C.E. and P.H. Lehman. 2005. Holocene environmental change in southwestern Crimea (Ukraine) in pollen and soil records.  The Holocene 15:263-277."
168,1310,54,"Cordova, C.E. and P.H. Lehman. 2005. Holocene environmental change in southwestern Crimea (Ukraine) in pollen and soil records.  The Holocene 15:263-277."
169,1301,54,"Cordova, C.E. and P.H. Lehman. 2005. Holocene environmental change in southwestern Crimea (Ukraine) in pollen and soil records.  The Holocene 15:263-277."
170,1311,54,"Cordova, C.E. and P.H. Lehman. 2005. Holocene environmental change in southwestern Crimea (Ukraine) in pollen and soil records.  The Holocene 15:263-277."
171,1302,54,"Cordova, C.E. and P.H. Lehman. 2005. Holocene environmental change in southwestern Crimea (Ukraine) in pollen and soil records.  The Holocene 15:263-277."
172,1312,54,"Cordova, C.E. and P.H. Lehman. 2005. Holocene environmental change in southwestern Crimea (Ukraine) in pollen and soil records.  The Holocene 15:263-277."
173,1313,54,"Cordova, C.E. and P.H. Lehman. 2005. Holocene environmental change in southwestern Crimea (Ukraine) in pollen and soil records.  The Holocene 15:263-277."
174,1303,54,"Cordova, C.E. and P.H. Lehman. 2005. Holocene environmental change in southwestern Crimea (Ukraine) in pollen and soil records.  The Holocene 15:263-277."
175,1304,54,"Cordova, C.E. and P.H. Lehman. 2005. Holocene environmental change in southwestern Crimea (Ukraine) in pollen and soil records.  The Holocene 15:263-277."
176,1305,54,"Cordova, C.E. and P.H. Lehman. 2005. Holocene environmental change in southwestern Crimea (Ukraine) in pollen and soil records.  The Holocene 15:263-277."
177,1306,54,"Cordova, C.E. and P.H. Lehman. 2005. Holocene environmental change in southwestern Crimea (Ukraine) in pollen and soil records.  The Holocene 15:263-277."
178,1307,54,"Cordova, C.E. and P.H. Lehman. 2005. Holocene environmental change in southwestern Crimea (Ukraine) in pollen and soil records.  The Holocene 15:263-277."
183,1095,54,"Cordova, C.E. and P.H. Lehman. 2005. Holocene environmental change in southwestern Crimea (Ukraine) in pollen and soil records.  The Holocene 15:263-277."
189,1366,57,"Djamali M, de Beaulieu JL, Campagne P, Andrieu-Ponel V, Ponel P, Leroy SAG, Akhani H (2009) Modern pollen rain-vegetation relationships along a forest-steppe transect in the Golestan National Park, NE Iran. Review of Palaeobotany and palynology 153 (3-4):272-28"
190,1375,57,"Djamali M, de Beaulieu JL, Campagne P, Andrieu-Ponel V, Ponel P, Leroy SAG, Akhani H (2009) Modern pollen rain-vegetation relationships along a forest-steppe transect in the Golestan National Park, NE Iran. Review of Palaeobotany and palynology 153 (3-4):272-28"
191,1376,57,"Djamali M, de Beaulieu JL, Campagne P, Andrieu-Ponel V, Ponel P, Leroy SAG, Akhani H (2009) Modern pollen rain-vegetation relationships along a forest-steppe transect in the Golestan National Park, NE Iran. Review of Palaeobotany and palynology 153 (3-4):272-28"
192,1377,57,"Djamali M, de Beaulieu JL, Campagne P, Andrieu-Ponel V, Ponel P, Leroy SAG, Akhani H (2009) Modern pollen rain-vegetation relationships along a forest-steppe transect in the Golestan National Park, NE Iran. Review of Palaeobotany and palynology 153 (3-4):272-28"
193,1378,57,"Djamali M, de Beaulieu JL, Campagne P, Andrieu-Ponel V, Ponel P, Leroy SAG, Akhani H (2009) Modern pollen rain-vegetation relationships along a forest-steppe transect in the Golestan National Park, NE Iran. Review of Palaeobotany and palynology 153 (3-4):272-28"
194,1379,57,"Djamali M, de Beaulieu JL, Campagne P, Andrieu-Ponel V, Ponel P, Leroy SAG, Akhani H (2009) Modern pollen rain-vegetation relationships along a forest-steppe transect in the Golestan National Park, NE Iran. Review of Palaeobotany and palynology 153 (3-4):272-28"
195,1380,57,"Djamali M, de Beaulieu JL, Campagne P, Andrieu-Ponel V, Ponel P, Leroy SAG, Akhani H (2009) Modern pollen rain-vegetation relationships along a forest-steppe transect in the Golestan National Park, NE Iran. Review of Palaeobotany and palynology 153 (3-4):272-28"
196,1381,57,"Djamali M, de Beaulieu JL, Campagne P, Andrieu-Ponel V, Ponel P, Leroy SAG, Akhani H (2009) Modern pollen rain-vegetation relationships along a forest-steppe transect in the Golestan National Park, NE Iran. Review of Palaeobotany and palynology 153 (3-4):272-28"
197,1382,57,"Djamali M, de Beaulieu JL, Campagne P, Andrieu-Ponel V, Ponel P, Leroy SAG, Akhani H (2009) Modern pollen rain-vegetation relationships along a forest-steppe transect in the Golestan National Park, NE Iran. Review of Palaeobotany and palynology 153 (3-4):272-28"
198,1383,57,"Djamali M, de Beaulieu JL, Campagne P, Andrieu-Ponel V, Ponel P, Leroy SAG, Akhani H (2009) Modern pollen rain-vegetation relationships along a forest-steppe transect in the Golestan National Park, NE Iran. Review of Palaeobotany and palynology 153 (3-4):272-28"
199,1367,57,"Djamali M, de Beaulieu JL, Campagne P, Andrieu-Ponel V, Ponel P, Leroy SAG, Akhani H (2009) Modern pollen rain-vegetation relationships along a forest-steppe transect in the Golestan National Park, NE Iran. Review of Palaeobotany and palynology 153 (3-4):272-28"
200,1368,57,"Djamali M, de Beaulieu JL, Campagne P, Andrieu-Ponel V, Ponel P, Leroy SAG, Akhani H (2009) Modern pollen rain-vegetation relationships along a forest-steppe transect in the Golestan National Park, NE Iran. Review of Palaeobotany and palynology 153 (3-4):272-28"
201,1369,57,"Djamali M, de Beaulieu JL, Campagne P, Andrieu-Ponel V, Ponel P, Leroy SAG, Akhani H (2009) Modern pollen rain-vegetation relationships along a forest-steppe transect in the Golestan National Park, NE Iran. Review of Palaeobotany and palynology 153 (3-4):272-28"
202,1370,57,"Djamali M, de Beaulieu JL, Campagne P, Andrieu-Ponel V, Ponel P, Leroy SAG, Akhani H (2009) Modern pollen rain-vegetation relationships along a forest-steppe transect in the Golestan National Park, NE Iran. Review of Palaeobotany and palynology 153 (3-4):272-28"
203,1371,57,"Djamali M, de Beaulieu JL, Campagne P, Andrieu-Ponel V, Ponel P, Leroy SAG, Akhani H (2009) Modern pollen rain-vegetation relationships along a forest-steppe transect in the Golestan National Park, NE Iran. Review of Palaeobotany and palynology 153 (3-4):272-28"
204,1372,57,"Djamali M, de Beaulieu JL, Campagne P, Andrieu-Ponel V, Ponel P, Leroy SAG, Akhani H (2009) Modern pollen rain-vegetation relationships along a forest-steppe transect in the Golestan National Park, NE Iran. Review of Palaeobotany and palynology 153 (3-4):272-28"
205,1373,57,"Djamali M, de Beaulieu JL, Campagne P, Andrieu-Ponel V, Ponel P, Leroy SAG, Akhani H (2009) Modern pollen rain-vegetation relationships along a forest-steppe transect in the Golestan National Park, NE Iran. Review of Palaeobotany and palynology 153 (3-4):272-28"
206,1374,57,"Djamali M, de Beaulieu JL, Campagne P, Andrieu-Ponel V, Ponel P, Leroy SAG, Akhani H (2009) Modern pollen rain-vegetation relationships along a forest-steppe transect in the Golestan National Park, NE Iran. Review of Palaeobotany and palynology 153 (3-4):272-28"
213,1832,63,"Farcas, S., and I. Tantau. 2012. Contribution to the European Pollen Database. 16. Poiana Rusca Mountains (Romania): Pesteana peat bog. Grana, 51(3):249-251."
215,2079,64,"Farcas, S., J.L. de Beaulieu, M. Reille, G. Coldea, B. Diaconeasa, C. Goeury, T. Goslar, and T. Jull. 1999. First 14C dating of Late Glacial and Holocene pollen sequences from Romanian Carpathes. Compte Rendu de l'Académie des Sciences Paris, Série III, Sciences de la vie, 322:799-807."
216,2067,65,"Farcas, S., V. Lupsa, I. Tantau, and A. Bodnariuc. 2003. Reflectarea procesului de antropizare în diagramele sporo-polinice din Muntii Apuseni. Environment and Progress, Cluj-Napoca, 231-236."
217,1833,66,"Feurdean, A. 2005. Holocene forest dynamics in northwestern Romania. The Holocene 15,3:435-446."
218,1691,67,"Feurdean, A., and O. Bennike. 2004. Late Quaternary palaeoecological and palaeoclimatological reconstruction in the Gutaiului Mountains, northwest Romania. Journal of Quaternary Science 19(8):808-827"
219,1833,68,"Feurdean, A., and O. Bennike. 2004. Late Quaternary palaeoecological and palaeoclimatological reconstruction in the Gutaiului Mountains, northwest Romania. Journal of Quaternary Science 19(8):808-827."
220,1833,69,"Feurdean, A., S. Klotz, V. Mosbrugger, and B. Wohlfarth. 2008. Pollen-based quantitative reconstructions of Holocene climate variability in NW Romania. Palaeogeography, Palaeoclimatoligy, Palaeoecology 260:494-504."
221,1691,69,"Feurdean, A., S. Klotz, V. Mosbrugger, and B. Wohlfarth. 2008. Pollen-based quantitative reconstructions of Holocene climate variability in NW Romania. Palaeogeography, Palaeoclimatoligy, Palaeoecology 260:494-504."
227,1799,75,"Filipova-Marinova M, Kvavadze E, Connor S, Sjogren P (2010) Estimating absolute pollen productivity for some European Tertiary-relict taxa. Vegetation History and Archaeobotany 19 (4):351-364"
228,1801,75,"Filipova-Marinova M, Kvavadze E, Connor S, Sjogren P (2010) Estimating absolute pollen productivity for some European Tertiary-relict taxa. Vegetation History and Archaeobotany 19 (4):351-364"
229,1802,76,"Filipova-Marinova M, Kvavadze E, Connor S, Sjögren P (2010) Estimating absolute pollen productivity for some European Tertiary-relict taxa. Vegetation History and Archaeobotany 19 (4):351-364"
230,1798,76,"Filipova-Marinova M, Kvavadze E, Connor S, Sjögren P (2010) Estimating absolute pollen productivity for some European Tertiary-relict taxa. Vegetation History and Archaeobotany 19 (4):351-364"
231,1797,76,"Filipova-Marinova M, Kvavadze E, Connor S, Sjögren P (2010) Estimating absolute pollen productivity for some European Tertiary-relict taxa. Vegetation History and Archaeobotany 19 (4):351-364"
232,1806,76,"Filipova-Marinova M, Kvavadze E, Connor S, Sjögren P (2010) Estimating absolute pollen productivity for some European Tertiary-relict taxa. Vegetation History and Archaeobotany 19 (4):351-364"
233,1807,76,"Filipova-Marinova M, Kvavadze E, Connor S, Sjögren P (2010) Estimating absolute pollen productivity for some European Tertiary-relict taxa. Vegetation History and Archaeobotany 19 (4):351-364"
234,1800,76,"Filipova-Marinova M, Kvavadze E, Connor S, Sjögren P (2010) Estimating absolute pollen productivity for some European Tertiary-relict taxa. Vegetation History and Archaeobotany 19 (4):351-364"
235,1803,76,"Filipova-Marinova M, Kvavadze E, Connor S, Sjögren P (2010) Estimating absolute pollen productivity for some European Tertiary-relict taxa. Vegetation History and Archaeobotany 19 (4):351-364"
236,1804,76,"Filipova-Marinova M, Kvavadze E, Connor S, Sjögren P (2010) Estimating absolute pollen productivity for some European Tertiary-relict taxa. Vegetation History and Archaeobotany 19 (4):351-364"
237,1805,76,"Filipova-Marinova M, Kvavadze E, Connor S, Sjögren P (2010) Estimating absolute pollen productivity for some European Tertiary-relict taxa. Vegetation History and Archaeobotany 19 (4):351-364"
238,1827,77,"Filipova-Marinova M., D. Pavlov, S. Vergiev, V. Slavchev, and L. Giosan. 2014. Contributions to the European Pollen Database. 24. Varna Lake (north-eastern Bulgaria): vegetation history and human impact during the last 8000 years. Grana, 53(4):309-311."
242,1149,78,"Filipova-Marinova, M. 2003. Palaeoenvironmental changes in the Southern Bulgarian Black Sea area during the last 29000 years. Phytologia Balcanica, 9: 275-292"
244,1145,80,"Filipovitch, L. (1977). Palynological data for the postglacial distribution of Juglans in the composition of Bulgarian flora. Phytology, 6: 32-37."
245,1343,81,"Filipovitch, L. (1985). Palynological studies of peat bogs on the southern slopes of Vitosha mountain. Forest Science, 2: 3-16."
246,1145,82,"Filipovitch, L. (1992). Anthropogenic activity as a factor for the formation of contemporary plant communities in the central Sredna Gora mountain. Fitologija, 43: 30-35."
247,1343,83,"Filipovitch, L. Vegetation history of the high parts of Vitosha mountain during the Late Postglacial times. Fitologija, 34: 3-27"
248,1145,84,"Filipovitch, L., Lazarova, M., Stefanova, I. & Petrova, M. 1998.Development of vegetation in Mt Sredna Gora during theHolocene. Phytologia Balcanica, 4 (3): 13-29."
250,1309,86,"Gerasimenko N.P., Subetto D.O., Bakhmutov V.G., Neustrueva I.Yu., Sapelko T.V., Kuznetsov D.D., Davydova N.N., Ludikova A.V., Stolba V.F., 2009. Rekonstruktsiya paleogeografichnyh umov Zahidnogo Krymu u piznyomu golotseni za litologichnymy i paleontologichymy materialamy vyvchennya ozer (Palaeogeogrpahical reconstruction of the Western Crimea during the Late Holocene based on lithology and pollen from the lake deposits). Fizychna geografia ta geomorfologia, 56, p.299-310"
252,2069,87,"Gerasimidis, A. 2000. Palynological evidence for human influence on the vegetation of mountain regions in northern Greece: the case of Lailias, Serres. Sheffield studies in Aegian Archaeology. Sheffield Academic Press, Sheffield England."
253,2069,88,"Gerasimidis, A., and N. Athanasiadis. 1995. Woodland history of northern Greece from the mid Holocene to recent time based on evidence from peat pollen profiles. Vegetation History and Archaeobotany, 4(2):109-116."
254,2105,89,"Gerasimidis, A., and N. Athanasiadis. 1995. Woodland history of northern Greece from the mid Holocene to recent time based on evidence from peat polln profiles. Vegetation History and Archaeobotany, 4(2):109-116."
255,2064,89,"Gerasimidis, A., and N. Athanasiadis. 1995. Woodland history of northern Greece from the mid Holocene to recent time based on evidence from peat polln profiles. Vegetation History and Archaeobotany, 4(2):109-116."
256,2096,89,"Gerasimidis, A., and N. Athanasiadis. 1995. Woodland history of northern Greece from the mid Holocene to recent time based on evidence from peat polln profiles. Vegetation History and Archaeobotany, 4(2):109-116."
257,1835,89,"Gerasimidis, A., and N. Athanasiadis. 1995. Woodland history of northern Greece from the mid Holocene to recent time based on evidence from peat polln profiles. Vegetation History and Archaeobotany, 4(2):109-116."
258,2064,90,"Gerasimidis, A., and S. Panajiotidis. 2010. Contributions to the European Pollen Database. 9. Flambouro, Pieria Mountains (northern Greece). Grana, 49:76-78."
259,2096,91,"Gerasimidis, A., N. Athanasiadis, and S. Panajiotidis. 2008. Contributions to the European Pollen Database. 4. Mount Paiko (northern Greece). Grana, 47(4):316-318."
260,1835,92,"Gerasimidis, A., N. Athanasiadis, and S. Panajiotidis. 2009. Contributions to the European Pollen Database. 8. Mount Voras (north-west Greece). Grana, 48(4):316-318."
262,2070,94,"Grindean, R., I. Tantau, S. Farcas, and A. Panait. 2014. Middle to Late Holocene vegetation shifts in the NW Transylvanian lowlands (Romania). Studia UBB Geologia, 59(1):29-37."
266,1696,98,"Jahns, S. (1992) Untersuchungen über die Vegetationsgeschichte von Süddalmatien und Südgriechenland. Cuvillier Verlag, Göttingen"
267,1697,98,"Jahns, S. (1992) Untersuchungen über die Vegetationsgeschichte von Süddalmatien und Südgriechenland. Cuvillier Verlag, Göttingen"
268,1699,98,"Jahns, S. (1992) Untersuchungen über die Vegetationsgeschichte von Süddalmatien und Südgriechenland. Cuvillier Verlag, Göttingen"
269,1704,99,"Jahns, S. (1993): On the Holocene vegetation history of the Argive plain (Peloponnese, southern Greece). Vegetation History and Archaeobotany 2: 187-203."
271,1698,101,"Jahns, S. unpublished (submitted September 2011 in EPD)"
272,1703,101,"Jahns, S. unpublished (submitted September 2011 in EPD)"
273,1701,101,"Jahns, S. unpublished (submitted September 2011 in EPD)"
274,1702,101,"Jahns, S. unpublished (submitted September 2011 in EPD)"
275,1700,101,"Jahns, S. unpublished (submitted September 2011 in EPD)"
277,1045,103,"Kazanci N., Gulbabazadeh T., Leroy S. and Ileri O., 2004. Sedimentary and environmental characteristics of the Gilan-Mazenderan plain, northern Iran: influence of long- and short-term Caspian water level fluctuations on geomorphology. Journal of Marine Systems 46, 1-4: 145-168."
278,1165,103,"Kazanci N., Gulbabazadeh T., Leroy S. and Ileri O., 2004. Sedimentary and environmental characteristics of the Gilan-Mazenderan plain, northern Iran: influence of long- and short-term Caspian water level fluctuations on geomorphology. Journal of Marine Systems 46, 1-4: 145-168."
279,1166,103,"Kazanci N., Gulbabazadeh T., Leroy S. and Ileri O., 2004. Sedimentary and environmental characteristics of the Gilan-Mazenderan plain, northern Iran: influence of long- and short-term Caspian water level fluctuations on geomorphology. Journal of Marine Systems 46, 1-4: 145-168."
280,1167,103,"Kazanci N., Gulbabazadeh T., Leroy S. and Ileri O., 2004. Sedimentary and environmental characteristics of the Gilan-Mazenderan plain, northern Iran: influence of long- and short-term Caspian water level fluctuations on geomorphology. Journal of Marine Systems 46, 1-4: 145-168."
281,1168,103,"Kazanci N., Gulbabazadeh T., Leroy S. and Ileri O., 2004. Sedimentary and environmental characteristics of the Gilan-Mazenderan plain, northern Iran: influence of long- and short-term Caspian water level fluctuations on geomorphology. Journal of Marine Systems 46, 1-4: 145-168."
282,1690,104,"Kotthoff U, Pross J, Muller UC, Peyron O, Schmiedl G, Schulz H, Bordon A (2008) Climate dynamics in the borderlands of the Aegean Sea during formation of sapropel S1 deduced from a marine pollen record. Quaternary Science Reviews 27 (7-8):832-845"
283,1831,105,"Kouli, K., and M.D. Dermitzakis. 2010. Contributions to the European Pollen Database. 11. Lake Orestiás (Kastoria, northern Greece). Grana, 49(3):154-156."
286,2075,107,"Kremenetski, C.V., P.E. Tarasov, and A.E. Cherkinsky. 1994. Istoriva ostrovnykh borov Kazakhstana v golotsene [Holocene history of the Kazakhstan ""island"""" pine forests]. Botanicheski Zhurial [Botanical Journal], 79(3):13-29."""
287,1193,108,"Kvavadze, E (1993) On the interpretation of subfossil spore-pollen spectra in the mountains. Acta Palaeobotanica 1993 33 (1): 347-360."
288,1194,108,"Kvavadze, E (1993) On the interpretation of subfossil spore-pollen spectra in the mountains. Acta Palaeobotanica 1993 33 (1): 347-360."
289,1195,108,"Kvavadze, E (1993) On the interpretation of subfossil spore-pollen spectra in the mountains. Acta Palaeobotanica 1993 33 (1): 347-360."
290,1196,108,"Kvavadze, E (1993) On the interpretation of subfossil spore-pollen spectra in the mountains. Acta Palaeobotanica 1993 33 (1): 347-360."
291,1191,108,"Kvavadze, E (1993) On the interpretation of subfossil spore-pollen spectra in the mountains. Acta Palaeobotanica 1993 33 (1): 347-360."
292,1192,108,"Kvavadze, E (1993) On the interpretation of subfossil spore-pollen spectra in the mountains. Acta Palaeobotanica 1993 33 (1): 347-360."
293,1231,108,"Kvavadze, E (1993) On the interpretation of subfossil spore-pollen spectra in the mountains. Acta Palaeobotanica 1993 33 (1): 347-360."
294,1232,108,"Kvavadze, E (1993) On the interpretation of subfossil spore-pollen spectra in the mountains. Acta Palaeobotanica 1993 33 (1): 347-360."
295,1233,108,"Kvavadze, E (1993) On the interpretation of subfossil spore-pollen spectra in the mountains. Acta Palaeobotanica 1993 33 (1): 347-360."
296,1234,108,"Kvavadze, E (1993) On the interpretation of subfossil spore-pollen spectra in the mountains. Acta Palaeobotanica 1993 33 (1): 347-360."
297,1235,108,"Kvavadze, E (1993) On the interpretation of subfossil spore-pollen spectra in the mountains. Acta Palaeobotanica 1993 33 (1): 347-360."
298,1236,108,"Kvavadze, E (1993) On the interpretation of subfossil spore-pollen spectra in the mountains. Acta Palaeobotanica 1993 33 (1): 347-360."
299,1237,108,"Kvavadze, E (1993) On the interpretation of subfossil spore-pollen spectra in the mountains. Acta Palaeobotanica 1993 33 (1): 347-360."
300,1238,108,"Kvavadze, E (1993) On the interpretation of subfossil spore-pollen spectra in the mountains. Acta Palaeobotanica 1993 33 (1): 347-360."
301,1239,108,"Kvavadze, E (1993) On the interpretation of subfossil spore-pollen spectra in the mountains. Acta Palaeobotanica 1993 33 (1): 347-360."
302,1240,108,"Kvavadze, E (1993) On the interpretation of subfossil spore-pollen spectra in the mountains. Acta Palaeobotanica 1993 33 (1): 347-360."
303,1241,108,"Kvavadze, E (1993) On the interpretation of subfossil spore-pollen spectra in the mountains. Acta Palaeobotanica 1993 33 (1): 347-360."
304,1242,108,"Kvavadze, E (1993) On the interpretation of subfossil spore-pollen spectra in the mountains. Acta Palaeobotanica 1993 33 (1): 347-360."
305,1243,108,"Kvavadze, E (1993) On the interpretation of subfossil spore-pollen spectra in the mountains. Acta Palaeobotanica 1993 33 (1): 347-360."
306,1244,108,"Kvavadze, E (1993) On the interpretation of subfossil spore-pollen spectra in the mountains. Acta Palaeobotanica 1993 33 (1): 347-360."
307,1245,108,"Kvavadze, E (1993) On the interpretation of subfossil spore-pollen spectra in the mountains. Acta Palaeobotanica 1993 33 (1): 347-360."
308,1246,108,"Kvavadze, E (1993) On the interpretation of subfossil spore-pollen spectra in the mountains. Acta Palaeobotanica 1993 33 (1): 347-360."
309,1247,108,"Kvavadze, E (1993) On the interpretation of subfossil spore-pollen spectra in the mountains. Acta Palaeobotanica 1993 33 (1): 347-360."
310,1248,108,"Kvavadze, E (1993) On the interpretation of subfossil spore-pollen spectra in the mountains. Acta Palaeobotanica 1993 33 (1): 347-360."
311,1249,108,"Kvavadze, E (1993) On the interpretation of subfossil spore-pollen spectra in the mountains. Acta Palaeobotanica 1993 33 (1): 347-360."
312,1250,108,"Kvavadze, E (1993) On the interpretation of subfossil spore-pollen spectra in the mountains. Acta Palaeobotanica 1993 33 (1): 347-360."
313,1251,108,"Kvavadze, E (1993) On the interpretation of subfossil spore-pollen spectra in the mountains. Acta Palaeobotanica 1993 33 (1): 347-360."
314,1252,108,"Kvavadze, E (1993) On the interpretation of subfossil spore-pollen spectra in the mountains. Acta Palaeobotanica 1993 33 (1): 347-360."
315,1253,108,"Kvavadze, E (1993) On the interpretation of subfossil spore-pollen spectra in the mountains. Acta Palaeobotanica 1993 33 (1): 347-360."
316,1254,108,"Kvavadze, E (1993) On the interpretation of subfossil spore-pollen spectra in the mountains. Acta Palaeobotanica 1993 33 (1): 347-360."
317,1255,108,"Kvavadze, E (1993) On the interpretation of subfossil spore-pollen spectra in the mountains. Acta Palaeobotanica 1993 33 (1): 347-360."
318,1256,108,"Kvavadze, E (1993) On the interpretation of subfossil spore-pollen spectra in the mountains. Acta Palaeobotanica 1993 33 (1): 347-360."
319,1257,108,"Kvavadze, E (1993) On the interpretation of subfossil spore-pollen spectra in the mountains. Acta Palaeobotanica 1993 33 (1): 347-360."
320,1258,108,"Kvavadze, E (1993) On the interpretation of subfossil spore-pollen spectra in the mountains. Acta Palaeobotanica 1993 33 (1): 347-360."
321,1259,108,"Kvavadze, E (1993) On the interpretation of subfossil spore-pollen spectra in the mountains. Acta Palaeobotanica 1993 33 (1): 347-360."
322,1260,108,"Kvavadze, E (1993) On the interpretation of subfossil spore-pollen spectra in the mountains. Acta Palaeobotanica 1993 33 (1): 347-360."
323,1261,108,"Kvavadze, E (1993) On the interpretation of subfossil spore-pollen spectra in the mountains. Acta Palaeobotanica 1993 33 (1): 347-360."
324,1262,108,"Kvavadze, E (1993) On the interpretation of subfossil spore-pollen spectra in the mountains. Acta Palaeobotanica 1993 33 (1): 347-360."
325,1263,108,"Kvavadze, E (1993) On the interpretation of subfossil spore-pollen spectra in the mountains. Acta Palaeobotanica 1993 33 (1): 347-360."
326,1264,108,"Kvavadze, E (1993) On the interpretation of subfossil spore-pollen spectra in the mountains. Acta Palaeobotanica 1993 33 (1): 347-360."
327,1265,108,"Kvavadze, E (1993) On the interpretation of subfossil spore-pollen spectra in the mountains. Acta Palaeobotanica 1993 33 (1): 347-360."
328,1266,108,"Kvavadze, E (1993) On the interpretation of subfossil spore-pollen spectra in the mountains. Acta Palaeobotanica 1993 33 (1): 347-360."
329,1267,108,"Kvavadze, E (1993) On the interpretation of subfossil spore-pollen spectra in the mountains. Acta Palaeobotanica 1993 33 (1): 347-360."
330,1268,108,"Kvavadze, E (1993) On the interpretation of subfossil spore-pollen spectra in the mountains. Acta Palaeobotanica 1993 33 (1): 347-360."
331,1269,108,"Kvavadze, E (1993) On the interpretation of subfossil spore-pollen spectra in the mountains. Acta Palaeobotanica 1993 33 (1): 347-360."
332,1270,108,"Kvavadze, E (1993) On the interpretation of subfossil spore-pollen spectra in the mountains. Acta Palaeobotanica 1993 33 (1): 347-360."
333,1271,108,"Kvavadze, E (1993) On the interpretation of subfossil spore-pollen spectra in the mountains. Acta Palaeobotanica 1993 33 (1): 347-360."
334,1272,108,"Kvavadze, E (1993) On the interpretation of subfossil spore-pollen spectra in the mountains. Acta Palaeobotanica 1993 33 (1): 347-360."
335,1273,108,"Kvavadze, E (1993) On the interpretation of subfossil spore-pollen spectra in the mountains. Acta Palaeobotanica 1993 33 (1): 347-360."
336,1274,108,"Kvavadze, E (1993) On the interpretation of subfossil spore-pollen spectra in the mountains. Acta Palaeobotanica 1993 33 (1): 347-360."
337,1275,108,"Kvavadze, E (1993) On the interpretation of subfossil spore-pollen spectra in the mountains. Acta Palaeobotanica 1993 33 (1): 347-360."
338,1276,108,"Kvavadze, E (1993) On the interpretation of subfossil spore-pollen spectra in the mountains. Acta Palaeobotanica 1993 33 (1): 347-360."
339,1277,108,"Kvavadze, E (1993) On the interpretation of subfossil spore-pollen spectra in the mountains. Acta Palaeobotanica 1993 33 (1): 347-360."
340,1278,108,"Kvavadze, E (1993) On the interpretation of subfossil spore-pollen spectra in the mountains. Acta Palaeobotanica 1993 33 (1): 347-360."
341,1279,108,"Kvavadze, E (1993) On the interpretation of subfossil spore-pollen spectra in the mountains. Acta Palaeobotanica 1993 33 (1): 347-360."
342,1280,108,"Kvavadze, E (1993) On the interpretation of subfossil spore-pollen spectra in the mountains. Acta Palaeobotanica 1993 33 (1): 347-360."
343,1281,108,"Kvavadze, E (1993) On the interpretation of subfossil spore-pollen spectra in the mountains. Acta Palaeobotanica 1993 33 (1): 347-360."
344,1282,108,"Kvavadze, E (1993) On the interpretation of subfossil spore-pollen spectra in the mountains. Acta Palaeobotanica 1993 33 (1): 347-360."
345,1283,108,"Kvavadze, E (1993) On the interpretation of subfossil spore-pollen spectra in the mountains. Acta Palaeobotanica 1993 33 (1): 347-360."
346,1183,108,"Kvavadze, E (1993) On the interpretation of subfossil spore-pollen spectra in the mountains. Acta Palaeobotanica 1993 33 (1): 347-360."
347,1184,108,"Kvavadze, E (1993) On the interpretation of subfossil spore-pollen spectra in the mountains. Acta Palaeobotanica 1993 33 (1): 347-360."
348,1185,108,"Kvavadze, E (1993) On the interpretation of subfossil spore-pollen spectra in the mountains. Acta Palaeobotanica 1993 33 (1): 347-360."
349,1198,108,"Kvavadze, E (1993) On the interpretation of subfossil spore-pollen spectra in the mountains. Acta Palaeobotanica 1993 33 (1): 347-360."
350,1206,108,"Kvavadze, E (1993) On the interpretation of subfossil spore-pollen spectra in the mountains. Acta Palaeobotanica 1993 33 (1): 347-360."
351,1207,108,"Kvavadze, E (1993) On the interpretation of subfossil spore-pollen spectra in the mountains. Acta Palaeobotanica 1993 33 (1): 347-360."
352,1208,108,"Kvavadze, E (1993) On the interpretation of subfossil spore-pollen spectra in the mountains. Acta Palaeobotanica 1993 33 (1): 347-360."
353,1209,108,"Kvavadze, E (1993) On the interpretation of subfossil spore-pollen spectra in the mountains. Acta Palaeobotanica 1993 33 (1): 347-360."
354,1210,108,"Kvavadze, E (1993) On the interpretation of subfossil spore-pollen spectra in the mountains. Acta Palaeobotanica 1993 33 (1): 347-360."
355,1211,108,"Kvavadze, E (1993) On the interpretation of subfossil spore-pollen spectra in the mountains. Acta Palaeobotanica 1993 33 (1): 347-360."
356,1212,108,"Kvavadze, E (1993) On the interpretation of subfossil spore-pollen spectra in the mountains. Acta Palaeobotanica 1993 33 (1): 347-360."
357,1213,108,"Kvavadze, E (1993) On the interpretation of subfossil spore-pollen spectra in the mountains. Acta Palaeobotanica 1993 33 (1): 347-360."
358,1199,108,"Kvavadze, E (1993) On the interpretation of subfossil spore-pollen spectra in the mountains. Acta Palaeobotanica 1993 33 (1): 347-360."
359,1214,108,"Kvavadze, E (1993) On the interpretation of subfossil spore-pollen spectra in the mountains. Acta Palaeobotanica 1993 33 (1): 347-360."
360,1215,108,"Kvavadze, E (1993) On the interpretation of subfossil spore-pollen spectra in the mountains. Acta Palaeobotanica 1993 33 (1): 347-360."
361,1216,108,"Kvavadze, E (1993) On the interpretation of subfossil spore-pollen spectra in the mountains. Acta Palaeobotanica 1993 33 (1): 347-360."
362,1217,108,"Kvavadze, E (1993) On the interpretation of subfossil spore-pollen spectra in the mountains. Acta Palaeobotanica 1993 33 (1): 347-360."
363,1218,108,"Kvavadze, E (1993) On the interpretation of subfossil spore-pollen spectra in the mountains. Acta Palaeobotanica 1993 33 (1): 347-360."
364,1219,108,"Kvavadze, E (1993) On the interpretation of subfossil spore-pollen spectra in the mountains. Acta Palaeobotanica 1993 33 (1): 347-360."
365,1220,108,"Kvavadze, E (1993) On the interpretation of subfossil spore-pollen spectra in the mountains. Acta Palaeobotanica 1993 33 (1): 347-360."
366,1221,108,"Kvavadze, E (1993) On the interpretation of subfossil spore-pollen spectra in the mountains. Acta Palaeobotanica 1993 33 (1): 347-360."
367,1222,108,"Kvavadze, E (1993) On the interpretation of subfossil spore-pollen spectra in the mountains. Acta Palaeobotanica 1993 33 (1): 347-360."
368,1223,108,"Kvavadze, E (1993) On the interpretation of subfossil spore-pollen spectra in the mountains. Acta Palaeobotanica 1993 33 (1): 347-360."
369,1200,108,"Kvavadze, E (1993) On the interpretation of subfossil spore-pollen spectra in the mountains. Acta Palaeobotanica 1993 33 (1): 347-360."
370,1224,108,"Kvavadze, E (1993) On the interpretation of subfossil spore-pollen spectra in the mountains. Acta Palaeobotanica 1993 33 (1): 347-360."
371,1225,108,"Kvavadze, E (1993) On the interpretation of subfossil spore-pollen spectra in the mountains. Acta Palaeobotanica 1993 33 (1): 347-360."
372,1226,108,"Kvavadze, E (1993) On the interpretation of subfossil spore-pollen spectra in the mountains. Acta Palaeobotanica 1993 33 (1): 347-360."
373,1227,108,"Kvavadze, E (1993) On the interpretation of subfossil spore-pollen spectra in the mountains. Acta Palaeobotanica 1993 33 (1): 347-360."
374,1228,108,"Kvavadze, E (1993) On the interpretation of subfossil spore-pollen spectra in the mountains. Acta Palaeobotanica 1993 33 (1): 347-360."
375,1229,108,"Kvavadze, E (1993) On the interpretation of subfossil spore-pollen spectra in the mountains. Acta Palaeobotanica 1993 33 (1): 347-360."
376,1230,108,"Kvavadze, E (1993) On the interpretation of subfossil spore-pollen spectra in the mountains. Acta Palaeobotanica 1993 33 (1): 347-360."
377,1201,108,"Kvavadze, E (1993) On the interpretation of subfossil spore-pollen spectra in the mountains. Acta Palaeobotanica 1993 33 (1): 347-360."
378,1202,108,"Kvavadze, E (1993) On the interpretation of subfossil spore-pollen spectra in the mountains. Acta Palaeobotanica 1993 33 (1): 347-360."
379,1203,108,"Kvavadze, E (1993) On the interpretation of subfossil spore-pollen spectra in the mountains. Acta Palaeobotanica 1993 33 (1): 347-360."
380,1204,108,"Kvavadze, E (1993) On the interpretation of subfossil spore-pollen spectra in the mountains. Acta Palaeobotanica 1993 33 (1): 347-360."
381,1205,108,"Kvavadze, E (1993) On the interpretation of subfossil spore-pollen spectra in the mountains. Acta Palaeobotanica 1993 33 (1): 347-360."
383,1151,110,"Kvavadze, Eliso V; Efremov, Yurii Y (1996): Palynological studies of lake and lake-swamp sediments of the Holocene in the high mountains of Arkhys (Western Caucasus). Acta Palaeobotanica, 36(1), 107-119"
387,9,111,"Kvavadze, EV, & Rukhadze, LI, 1989. Rastitel'nost' i klimat golotsena Abkhazii (Vegetation and climate of the Holocene in Abkhazia).  Metsniereba, Tbilisi, 137pp."
390,1332,111,"Kvavadze, EV, & Rukhadze, LI, 1989. Rastitel'nost' i klimat golotsena Abkhazii (Vegetation and climate of the Holocene in Abkhazia).  Metsniereba, Tbilisi, 137pp."
391,1154,111,"Kvavadze, EV, & Rukhadze, LI, 1989. Rastitel'nost' i klimat golotsena Abkhazii (Vegetation and climate of the Holocene in Abkhazia).  Metsniereba, Tbilisi, 137pp."
402,1332,115,"Kvavadze,E.V.,Rukhadze,L.P.1989. The Holocene vegetation and climate in Abkhazia. Tbilisi, Metsniereba, 138p "
403,1154,115,"Kvavadze,E.V.,Rukhadze,L.P.1989. The Holocene vegetation and climate in Abkhazia. Tbilisi, Metsniereba, 138p "
406,1153,117,"Lazarova, M. , Tonkov, S. , Marinova, E. , Ivanov, D. and Bozilova, E. (2011) '12. Western Rhodopes Mountains (Bulgaria): peat bog Beliya Kanton', Grana, 50: 2, 162  164,"
407,1334,118,"Lazarova, M. A. (1995): Human impact on the natural vegetation in the region of Lake Srebarna and mire Garvan (northeastern Bulgaria). Palynological and Palaeoethnobotanical evidence. In: E. Bozilova and Tonkov, S. (eds.). Advances in Holocene Palaeoecology in Bulgaria, 47-67"
409,1707,119,"Lazarova, M., M. Petrova and M. Jordanova (2006) Pollen monitoring in surface samples in mosses and pollen traps from the Beglika region (W Rhodopes) Phytologia Balcanica 12 (3): 317325"
410,1708,119,"Lazarova, M., M. Petrova and M. Jordanova (2006) Pollen monitoring in surface samples in mosses and pollen traps from the Beglika region (W Rhodopes) Phytologia Balcanica 12 (3): 317325"
411,1687,120,"Lazarova, M.A., S. Tonkov, I. Snowball, and E. Marinova. 2009. Contribution to the European Pollen Database. 6. Peat-bog Begubar (Osogovo Mountains, south-west Bulgaia): Four millenia of vegetation history. Grana, 2009, 48:147-149"
412,1100,121,"Leroy S., Marret F., Giralt S. and Bulatov S. A., (2006)  Natural and anthropogenic rapid changes in the Kara-Bogaz Gol over the last two centuries by palynological analyses. Quaternary International, 150: 52-70"
413,1050,121,"Leroy S., Marret F., Giralt S. and Bulatov S. A., (2006)  Natural and anthropogenic rapid changes in the Kara-Bogaz Gol over the last two centuries by palynological analyses. Quaternary International, 150: 52-70"
414,1067,121,"Leroy S., Marret F., Giralt S. and Bulatov S. A., (2006)  Natural and anthropogenic rapid changes in the Kara-Bogaz Gol over the last two centuries by palynological analyses. Quaternary International, 150: 52-70"
415,1058,122,Leroy SAG (2010) Pollen analysis of core DS7-1SC (Dead Sea) showing intertwined effects of climatic change and human activities in the Late Holocene. Journal of Archaeological Science 37 (2):306-316
416,1534,123,"Leroy SAG, Boyraz S, Gurbuz A (2009) High-resolution palynological analysis in Lake Sapanca as a tool to detect recent earthquakes on the North Anatolian Fault. Quaternary Science Reviews 28 (25-26):2616-2632"
417,1512,123,"Leroy SAG, Boyraz S, Gurbuz A (2009) High-resolution palynological analysis in Lake Sapanca as a tool to detect recent earthquakes on the North Anatolian Fault. Quaternary Science Reviews 28 (25-26):2616-2632"
418,1529,123,"Leroy SAG, Boyraz S, Gurbuz A (2009) High-resolution palynological analysis in Lake Sapanca as a tool to detect recent earthquakes on the North Anatolian Fault. Quaternary Science Reviews 28 (25-26):2616-2632"
419,1519,124,"Leroy SAG, Boyraz S, Gürbüz A (2009) High-resolution palynological analysis in Lake Sapanca as a tool to detect recent earthquakes on the North Anatolian Fault. Quaternary Science Reviews 28 (25-26):2616-2632"
420,1535,124,"Leroy SAG, Boyraz S, Gürbüz A (2009) High-resolution palynological analysis in Lake Sapanca as a tool to detect recent earthquakes on the North Anatolian Fault. Quaternary Science Reviews 28 (25-26):2616-2632"
421,1533,124,"Leroy SAG, Boyraz S, Gürbüz A (2009) High-resolution palynological analysis in Lake Sapanca as a tool to detect recent earthquakes on the North Anatolian Fault. Quaternary Science Reviews 28 (25-26):2616-2632"
422,1525,124,"Leroy SAG, Boyraz S, Gürbüz A (2009) High-resolution palynological analysis in Lake Sapanca as a tool to detect recent earthquakes on the North Anatolian Fault. Quaternary Science Reviews 28 (25-26):2616-2632"
423,1521,124,"Leroy SAG, Boyraz S, Gürbüz A (2009) High-resolution palynological analysis in Lake Sapanca as a tool to detect recent earthquakes on the North Anatolian Fault. Quaternary Science Reviews 28 (25-26):2616-2632"
424,1517,124,"Leroy SAG, Boyraz S, Gürbüz A (2009) High-resolution palynological analysis in Lake Sapanca as a tool to detect recent earthquakes on the North Anatolian Fault. Quaternary Science Reviews 28 (25-26):2616-2632"
425,1510,124,"Leroy SAG, Boyraz S, Gürbüz A (2009) High-resolution palynological analysis in Lake Sapanca as a tool to detect recent earthquakes on the North Anatolian Fault. Quaternary Science Reviews 28 (25-26):2616-2632"
426,1524,124,"Leroy SAG, Boyraz S, Gürbüz A (2009) High-resolution palynological analysis in Lake Sapanca as a tool to detect recent earthquakes on the North Anatolian Fault. Quaternary Science Reviews 28 (25-26):2616-2632"
427,1513,124,"Leroy SAG, Boyraz S, Gürbüz A (2009) High-resolution palynological analysis in Lake Sapanca as a tool to detect recent earthquakes on the North Anatolian Fault. Quaternary Science Reviews 28 (25-26):2616-2632"
428,1536,124,"Leroy SAG, Boyraz S, Gürbüz A (2009) High-resolution palynological analysis in Lake Sapanca as a tool to detect recent earthquakes on the North Anatolian Fault. Quaternary Science Reviews 28 (25-26):2616-2632"
429,1508,124,"Leroy SAG, Boyraz S, Gürbüz A (2009) High-resolution palynological analysis in Lake Sapanca as a tool to detect recent earthquakes on the North Anatolian Fault. Quaternary Science Reviews 28 (25-26):2616-2632"
430,1526,124,"Leroy SAG, Boyraz S, Gürbüz A (2009) High-resolution palynological analysis in Lake Sapanca as a tool to detect recent earthquakes on the North Anatolian Fault. Quaternary Science Reviews 28 (25-26):2616-2632"
431,1537,124,"Leroy SAG, Boyraz S, Gürbüz A (2009) High-resolution palynological analysis in Lake Sapanca as a tool to detect recent earthquakes on the North Anatolian Fault. Quaternary Science Reviews 28 (25-26):2616-2632"
432,1538,124,"Leroy SAG, Boyraz S, Gürbüz A (2009) High-resolution palynological analysis in Lake Sapanca as a tool to detect recent earthquakes on the North Anatolian Fault. Quaternary Science Reviews 28 (25-26):2616-2632"
433,1539,124,"Leroy SAG, Boyraz S, Gürbüz A (2009) High-resolution palynological analysis in Lake Sapanca as a tool to detect recent earthquakes on the North Anatolian Fault. Quaternary Science Reviews 28 (25-26):2616-2632"
434,1540,124,"Leroy SAG, Boyraz S, Gürbüz A (2009) High-resolution palynological analysis in Lake Sapanca as a tool to detect recent earthquakes on the North Anatolian Fault. Quaternary Science Reviews 28 (25-26):2616-2632"
435,1541,124,"Leroy SAG, Boyraz S, Gürbüz A (2009) High-resolution palynological analysis in Lake Sapanca as a tool to detect recent earthquakes on the North Anatolian Fault. Quaternary Science Reviews 28 (25-26):2616-2632"
436,1542,124,"Leroy SAG, Boyraz S, Gürbüz A (2009) High-resolution palynological analysis in Lake Sapanca as a tool to detect recent earthquakes on the North Anatolian Fault. Quaternary Science Reviews 28 (25-26):2616-2632"
437,1543,124,"Leroy SAG, Boyraz S, Gürbüz A (2009) High-resolution palynological analysis in Lake Sapanca as a tool to detect recent earthquakes on the North Anatolian Fault. Quaternary Science Reviews 28 (25-26):2616-2632"
438,1544,124,"Leroy SAG, Boyraz S, Gürbüz A (2009) High-resolution palynological analysis in Lake Sapanca as a tool to detect recent earthquakes on the North Anatolian Fault. Quaternary Science Reviews 28 (25-26):2616-2632"
439,1545,124,"Leroy SAG, Boyraz S, Gürbüz A (2009) High-resolution palynological analysis in Lake Sapanca as a tool to detect recent earthquakes on the North Anatolian Fault. Quaternary Science Reviews 28 (25-26):2616-2632"
440,1520,124,"Leroy SAG, Boyraz S, Gürbüz A (2009) High-resolution palynological analysis in Lake Sapanca as a tool to detect recent earthquakes on the North Anatolian Fault. Quaternary Science Reviews 28 (25-26):2616-2632"
441,1515,124,"Leroy SAG, Boyraz S, Gürbüz A (2009) High-resolution palynological analysis in Lake Sapanca as a tool to detect recent earthquakes on the North Anatolian Fault. Quaternary Science Reviews 28 (25-26):2616-2632"
442,1516,124,"Leroy SAG, Boyraz S, Gürbüz A (2009) High-resolution palynological analysis in Lake Sapanca as a tool to detect recent earthquakes on the North Anatolian Fault. Quaternary Science Reviews 28 (25-26):2616-2632"
443,1522,124,"Leroy SAG, Boyraz S, Gürbüz A (2009) High-resolution palynological analysis in Lake Sapanca as a tool to detect recent earthquakes on the North Anatolian Fault. Quaternary Science Reviews 28 (25-26):2616-2632"
444,1528,124,"Leroy SAG, Boyraz S, Gürbüz A (2009) High-resolution palynological analysis in Lake Sapanca as a tool to detect recent earthquakes on the North Anatolian Fault. Quaternary Science Reviews 28 (25-26):2616-2632"
445,1509,124,"Leroy SAG, Boyraz S, Gürbüz A (2009) High-resolution palynological analysis in Lake Sapanca as a tool to detect recent earthquakes on the North Anatolian Fault. Quaternary Science Reviews 28 (25-26):2616-2632"
446,1523,124,"Leroy SAG, Boyraz S, Gürbüz A (2009) High-resolution palynological analysis in Lake Sapanca as a tool to detect recent earthquakes on the North Anatolian Fault. Quaternary Science Reviews 28 (25-26):2616-2632"
447,1527,124,"Leroy SAG, Boyraz S, Gürbüz A (2009) High-resolution palynological analysis in Lake Sapanca as a tool to detect recent earthquakes on the North Anatolian Fault. Quaternary Science Reviews 28 (25-26):2616-2632"
448,1530,124,"Leroy SAG, Boyraz S, Gürbüz A (2009) High-resolution palynological analysis in Lake Sapanca as a tool to detect recent earthquakes on the North Anatolian Fault. Quaternary Science Reviews 28 (25-26):2616-2632"
449,1518,124,"Leroy SAG, Boyraz S, Gürbüz A (2009) High-resolution palynological analysis in Lake Sapanca as a tool to detect recent earthquakes on the North Anatolian Fault. Quaternary Science Reviews 28 (25-26):2616-2632"
450,1514,124,"Leroy SAG, Boyraz S, Gürbüz A (2009) High-resolution palynological analysis in Lake Sapanca as a tool to detect recent earthquakes on the North Anatolian Fault. Quaternary Science Reviews 28 (25-26):2616-2632"
451,1511,124,"Leroy SAG, Boyraz S, Gürbüz A (2009) High-resolution palynological analysis in Lake Sapanca as a tool to detect recent earthquakes on the North Anatolian Fault. Quaternary Science Reviews 28 (25-26):2616-2632"
452,1531,124,"Leroy SAG, Boyraz S, Gürbüz A (2009) High-resolution palynological analysis in Lake Sapanca as a tool to detect recent earthquakes on the North Anatolian Fault. Quaternary Science Reviews 28 (25-26):2616-2632"
453,1532,124,"Leroy SAG, Boyraz S, Gürbüz A (2009) High-resolution palynological analysis in Lake Sapanca as a tool to detect recent earthquakes on the North Anatolian Fault. Quaternary Science Reviews 28 (25-26):2616-2632"
454,1776,125,"Leroy SAG, Kakroodi AA, Kroonenberg S, Lahijani HK, Alimohammadian H, Nigarov A (2013) Holocene vegetation history and sea level changes in the SE corner of the Caspian Sea: relevance to SW Asia climate. Quaternary Science Reviews 70 (0):28-47"
455,1685,125,"Leroy SAG, Kakroodi AA, Kroonenberg S, Lahijani HK, Alimohammadian H, Nigarov A (2013) Holocene vegetation history and sea level changes in the SE corner of the Caspian Sea: relevance to SW Asia climate. Quaternary Science Reviews 70 (0):28-47"
456,1317,125,"Leroy SAG, Kakroodi AA, Kroonenberg S, Lahijani HK, Alimohammadian H, Nigarov A (2013) Holocene vegetation history and sea level changes in the SE corner of the Caspian Sea: relevance to SW Asia climate. Quaternary Science Reviews 70 (0):28-47"
457,1761,125,"Leroy SAG, Kakroodi AA, Kroonenberg S, Lahijani HK, Alimohammadian H, Nigarov A (2013) Holocene vegetation history and sea level changes in the SE corner of the Caspian Sea: relevance to SW Asia climate. Quaternary Science Reviews 70 (0):28-47"
458,1760,125,"Leroy SAG, Kakroodi AA, Kroonenberg S, Lahijani HK, Alimohammadian H, Nigarov A (2013) Holocene vegetation history and sea level changes in the SE corner of the Caspian Sea: relevance to SW Asia climate. Quaternary Science Reviews 70 (0):28-47"
459,1772,125,"Leroy SAG, Kakroodi AA, Kroonenberg S, Lahijani HK, Alimohammadian H, Nigarov A (2013) Holocene vegetation history and sea level changes in the SE corner of the Caspian Sea: relevance to SW Asia climate. Quaternary Science Reviews 70 (0):28-47"
460,1768,125,"Leroy SAG, Kakroodi AA, Kroonenberg S, Lahijani HK, Alimohammadian H, Nigarov A (2013) Holocene vegetation history and sea level changes in the SE corner of the Caspian Sea: relevance to SW Asia climate. Quaternary Science Reviews 70 (0):28-47"
461,1773,125,"Leroy SAG, Kakroodi AA, Kroonenberg S, Lahijani HK, Alimohammadian H, Nigarov A (2013) Holocene vegetation history and sea level changes in the SE corner of the Caspian Sea: relevance to SW Asia climate. Quaternary Science Reviews 70 (0):28-47"
462,1777,125,"Leroy SAG, Kakroodi AA, Kroonenberg S, Lahijani HK, Alimohammadian H, Nigarov A (2013) Holocene vegetation history and sea level changes in the SE corner of the Caspian Sea: relevance to SW Asia climate. Quaternary Science Reviews 70 (0):28-47"
463,1789,125,"Leroy SAG, Kakroodi AA, Kroonenberg S, Lahijani HK, Alimohammadian H, Nigarov A (2013) Holocene vegetation history and sea level changes in the SE corner of the Caspian Sea: relevance to SW Asia climate. Quaternary Science Reviews 70 (0):28-47"
464,1765,125,"Leroy SAG, Kakroodi AA, Kroonenberg S, Lahijani HK, Alimohammadian H, Nigarov A (2013) Holocene vegetation history and sea level changes in the SE corner of the Caspian Sea: relevance to SW Asia climate. Quaternary Science Reviews 70 (0):28-47"
465,1758,125,"Leroy SAG, Kakroodi AA, Kroonenberg S, Lahijani HK, Alimohammadian H, Nigarov A (2013) Holocene vegetation history and sea level changes in the SE corner of the Caspian Sea: relevance to SW Asia climate. Quaternary Science Reviews 70 (0):28-47"
466,1759,125,"Leroy SAG, Kakroodi AA, Kroonenberg S, Lahijani HK, Alimohammadian H, Nigarov A (2013) Holocene vegetation history and sea level changes in the SE corner of the Caspian Sea: relevance to SW Asia climate. Quaternary Science Reviews 70 (0):28-47"
467,1788,125,"Leroy SAG, Kakroodi AA, Kroonenberg S, Lahijani HK, Alimohammadian H, Nigarov A (2013) Holocene vegetation history and sea level changes in the SE corner of the Caspian Sea: relevance to SW Asia climate. Quaternary Science Reviews 70 (0):28-47"
468,1775,125,"Leroy SAG, Kakroodi AA, Kroonenberg S, Lahijani HK, Alimohammadian H, Nigarov A (2013) Holocene vegetation history and sea level changes in the SE corner of the Caspian Sea: relevance to SW Asia climate. Quaternary Science Reviews 70 (0):28-47"
469,1764,125,"Leroy SAG, Kakroodi AA, Kroonenberg S, Lahijani HK, Alimohammadian H, Nigarov A (2013) Holocene vegetation history and sea level changes in the SE corner of the Caspian Sea: relevance to SW Asia climate. Quaternary Science Reviews 70 (0):28-47"
470,1763,125,"Leroy SAG, Kakroodi AA, Kroonenberg S, Lahijani HK, Alimohammadian H, Nigarov A (2013) Holocene vegetation history and sea level changes in the SE corner of the Caspian Sea: relevance to SW Asia climate. Quaternary Science Reviews 70 (0):28-47"
471,1779,125,"Leroy SAG, Kakroodi AA, Kroonenberg S, Lahijani HK, Alimohammadian H, Nigarov A (2013) Holocene vegetation history and sea level changes in the SE corner of the Caspian Sea: relevance to SW Asia climate. Quaternary Science Reviews 70 (0):28-47"
472,1770,125,"Leroy SAG, Kakroodi AA, Kroonenberg S, Lahijani HK, Alimohammadian H, Nigarov A (2013) Holocene vegetation history and sea level changes in the SE corner of the Caspian Sea: relevance to SW Asia climate. Quaternary Science Reviews 70 (0):28-47"
473,1771,125,"Leroy SAG, Kakroodi AA, Kroonenberg S, Lahijani HK, Alimohammadian H, Nigarov A (2013) Holocene vegetation history and sea level changes in the SE corner of the Caspian Sea: relevance to SW Asia climate. Quaternary Science Reviews 70 (0):28-47"
474,1757,125,"Leroy SAG, Kakroodi AA, Kroonenberg S, Lahijani HK, Alimohammadian H, Nigarov A (2013) Holocene vegetation history and sea level changes in the SE corner of the Caspian Sea: relevance to SW Asia climate. Quaternary Science Reviews 70 (0):28-47"
475,1796,125,"Leroy SAG, Kakroodi AA, Kroonenberg S, Lahijani HK, Alimohammadian H, Nigarov A (2013) Holocene vegetation history and sea level changes in the SE corner of the Caspian Sea: relevance to SW Asia climate. Quaternary Science Reviews 70 (0):28-47"
476,1794,125,"Leroy SAG, Kakroodi AA, Kroonenberg S, Lahijani HK, Alimohammadian H, Nigarov A (2013) Holocene vegetation history and sea level changes in the SE corner of the Caspian Sea: relevance to SW Asia climate. Quaternary Science Reviews 70 (0):28-47"
477,1795,125,"Leroy SAG, Kakroodi AA, Kroonenberg S, Lahijani HK, Alimohammadian H, Nigarov A (2013) Holocene vegetation history and sea level changes in the SE corner of the Caspian Sea: relevance to SW Asia climate. Quaternary Science Reviews 70 (0):28-47"
478,1793,125,"Leroy SAG, Kakroodi AA, Kroonenberg S, Lahijani HK, Alimohammadian H, Nigarov A (2013) Holocene vegetation history and sea level changes in the SE corner of the Caspian Sea: relevance to SW Asia climate. Quaternary Science Reviews 70 (0):28-47"
479,1778,125,"Leroy SAG, Kakroodi AA, Kroonenberg S, Lahijani HK, Alimohammadian H, Nigarov A (2013) Holocene vegetation history and sea level changes in the SE corner of the Caspian Sea: relevance to SW Asia climate. Quaternary Science Reviews 70 (0):28-47"
480,1792,125,"Leroy SAG, Kakroodi AA, Kroonenberg S, Lahijani HK, Alimohammadian H, Nigarov A (2013) Holocene vegetation history and sea level changes in the SE corner of the Caspian Sea: relevance to SW Asia climate. Quaternary Science Reviews 70 (0):28-47"
481,1766,125,"Leroy SAG, Kakroodi AA, Kroonenberg S, Lahijani HK, Alimohammadian H, Nigarov A (2013) Holocene vegetation history and sea level changes in the SE corner of the Caspian Sea: relevance to SW Asia climate. Quaternary Science Reviews 70 (0):28-47"
482,1783,125,"Leroy SAG, Kakroodi AA, Kroonenberg S, Lahijani HK, Alimohammadian H, Nigarov A (2013) Holocene vegetation history and sea level changes in the SE corner of the Caspian Sea: relevance to SW Asia climate. Quaternary Science Reviews 70 (0):28-47"
483,1785,125,"Leroy SAG, Kakroodi AA, Kroonenberg S, Lahijani HK, Alimohammadian H, Nigarov A (2013) Holocene vegetation history and sea level changes in the SE corner of the Caspian Sea: relevance to SW Asia climate. Quaternary Science Reviews 70 (0):28-47"
484,1780,125,"Leroy SAG, Kakroodi AA, Kroonenberg S, Lahijani HK, Alimohammadian H, Nigarov A (2013) Holocene vegetation history and sea level changes in the SE corner of the Caspian Sea: relevance to SW Asia climate. Quaternary Science Reviews 70 (0):28-47"
485,1781,125,"Leroy SAG, Kakroodi AA, Kroonenberg S, Lahijani HK, Alimohammadian H, Nigarov A (2013) Holocene vegetation history and sea level changes in the SE corner of the Caspian Sea: relevance to SW Asia climate. Quaternary Science Reviews 70 (0):28-47"
486,1782,125,"Leroy SAG, Kakroodi AA, Kroonenberg S, Lahijani HK, Alimohammadian H, Nigarov A (2013) Holocene vegetation history and sea level changes in the SE corner of the Caspian Sea: relevance to SW Asia climate. Quaternary Science Reviews 70 (0):28-47"
487,1784,125,"Leroy SAG, Kakroodi AA, Kroonenberg S, Lahijani HK, Alimohammadian H, Nigarov A (2013) Holocene vegetation history and sea level changes in the SE corner of the Caspian Sea: relevance to SW Asia climate. Quaternary Science Reviews 70 (0):28-47"
488,1791,125,"Leroy SAG, Kakroodi AA, Kroonenberg S, Lahijani HK, Alimohammadian H, Nigarov A (2013) Holocene vegetation history and sea level changes in the SE corner of the Caspian Sea: relevance to SW Asia climate. Quaternary Science Reviews 70 (0):28-47"
489,1786,125,"Leroy SAG, Kakroodi AA, Kroonenberg S, Lahijani HK, Alimohammadian H, Nigarov A (2013) Holocene vegetation history and sea level changes in the SE corner of the Caspian Sea: relevance to SW Asia climate. Quaternary Science Reviews 70 (0):28-47"
490,1787,125,"Leroy SAG, Kakroodi AA, Kroonenberg S, Lahijani HK, Alimohammadian H, Nigarov A (2013) Holocene vegetation history and sea level changes in the SE corner of the Caspian Sea: relevance to SW Asia climate. Quaternary Science Reviews 70 (0):28-47"
491,1774,125,"Leroy SAG, Kakroodi AA, Kroonenberg S, Lahijani HK, Alimohammadian H, Nigarov A (2013) Holocene vegetation history and sea level changes in the SE corner of the Caspian Sea: relevance to SW Asia climate. Quaternary Science Reviews 70 (0):28-47"
492,1769,125,"Leroy SAG, Kakroodi AA, Kroonenberg S, Lahijani HK, Alimohammadian H, Nigarov A (2013) Holocene vegetation history and sea level changes in the SE corner of the Caspian Sea: relevance to SW Asia climate. Quaternary Science Reviews 70 (0):28-47"
493,1790,125,"Leroy SAG, Kakroodi AA, Kroonenberg S, Lahijani HK, Alimohammadian H, Nigarov A (2013) Holocene vegetation history and sea level changes in the SE corner of the Caspian Sea: relevance to SW Asia climate. Quaternary Science Reviews 70 (0):28-47"
494,1767,125,"Leroy SAG, Kakroodi AA, Kroonenberg S, Lahijani HK, Alimohammadian H, Nigarov A (2013) Holocene vegetation history and sea level changes in the SE corner of the Caspian Sea: relevance to SW Asia climate. Quaternary Science Reviews 70 (0):28-47"
495,1756,125,"Leroy SAG, Kakroodi AA, Kroonenberg S, Lahijani HK, Alimohammadian H, Nigarov A (2013) Holocene vegetation history and sea level changes in the SE corner of the Caspian Sea: relevance to SW Asia climate. Quaternary Science Reviews 70 (0):28-47"
496,1762,125,"Leroy SAG, Kakroodi AA, Kroonenberg S, Lahijani HK, Alimohammadian H, Nigarov A (2013) Holocene vegetation history and sea level changes in the SE corner of the Caspian Sea: relevance to SW Asia climate. Quaternary Science Reviews 70 (0):28-47"
497,1754,125,"Leroy SAG, Kakroodi AA, Kroonenberg S, Lahijani HK, Alimohammadian H, Nigarov A (2013) Holocene vegetation history and sea level changes in the SE corner of the Caspian Sea: relevance to SW Asia climate. Quaternary Science Reviews 70 (0):28-47"
498,1755,125,"Leroy SAG, Kakroodi AA, Kroonenberg S, Lahijani HK, Alimohammadian H, Nigarov A (2013) Holocene vegetation history and sea level changes in the SE corner of the Caspian Sea: relevance to SW Asia climate. Quaternary Science Reviews 70 (0):28-47"
499,1315,125,"Leroy SAG, Kakroodi AA, Kroonenberg S, Lahijani HK, Alimohammadian H, Nigarov A (2013) Holocene vegetation history and sea level changes in the SE corner of the Caspian Sea: relevance to SW Asia climate. Quaternary Science Reviews 70 (0):28-47"
500,1316,125,"Leroy SAG, Kakroodi AA, Kroonenberg S, Lahijani HK, Alimohammadian H, Nigarov A (2013) Holocene vegetation history and sea level changes in the SE corner of the Caspian Sea: relevance to SW Asia climate. Quaternary Science Reviews 70 (0):28-47"
501,1598,126,"Leroy SAG, Lahijani HAK, Djamali M, Naqinezhad A, Moghadam MV, Arpe K, Shah-Hosseini M, Hosseindoust M, Miller CS, Tavakoli V, Habibi P, Naderi Beni M (2011) Late Little Ice Age palaeoenvironmental records from the Anzali and Amirkola Lagoons (south Caspian Sea): Vegetation and sea level changes. Palaeogeography, Palaeoclimatology, Palaeoecology 302 (3-4):415-434."
502,1599,126,"Leroy SAG, Lahijani HAK, Djamali M, Naqinezhad A, Moghadam MV, Arpe K, Shah-Hosseini M, Hosseindoust M, Miller CS, Tavakoli V, Habibi P, Naderi Beni M (2011) Late Little Ice Age palaeoenvironmental records from the Anzali and Amirkola Lagoons (south Caspian Sea): Vegetation and sea level changes. Palaeogeography, Palaeoclimatology, Palaeoecology 302 (3-4):415-434."
503,1600,126,"Leroy SAG, Lahijani HAK, Djamali M, Naqinezhad A, Moghadam MV, Arpe K, Shah-Hosseini M, Hosseindoust M, Miller CS, Tavakoli V, Habibi P, Naderi Beni M (2011) Late Little Ice Age palaeoenvironmental records from the Anzali and Amirkola Lagoons (south Caspian Sea): Vegetation and sea level changes. Palaeogeography, Palaeoclimatology, Palaeoecology 302 (3-4):415-434."
504,1601,126,"Leroy SAG, Lahijani HAK, Djamali M, Naqinezhad A, Moghadam MV, Arpe K, Shah-Hosseini M, Hosseindoust M, Miller CS, Tavakoli V, Habibi P, Naderi Beni M (2011) Late Little Ice Age palaeoenvironmental records from the Anzali and Amirkola Lagoons (south Caspian Sea): Vegetation and sea level changes. Palaeogeography, Palaeoclimatology, Palaeoecology 302 (3-4):415-434."
505,1602,126,"Leroy SAG, Lahijani HAK, Djamali M, Naqinezhad A, Moghadam MV, Arpe K, Shah-Hosseini M, Hosseindoust M, Miller CS, Tavakoli V, Habibi P, Naderi Beni M (2011) Late Little Ice Age palaeoenvironmental records from the Anzali and Amirkola Lagoons (south Caspian Sea): Vegetation and sea level changes. Palaeogeography, Palaeoclimatology, Palaeoecology 302 (3-4):415-434."
506,1603,126,"Leroy SAG, Lahijani HAK, Djamali M, Naqinezhad A, Moghadam MV, Arpe K, Shah-Hosseini M, Hosseindoust M, Miller CS, Tavakoli V, Habibi P, Naderi Beni M (2011) Late Little Ice Age palaeoenvironmental records from the Anzali and Amirkola Lagoons (south Caspian Sea): Vegetation and sea level changes. Palaeogeography, Palaeoclimatology, Palaeoecology 302 (3-4):415-434."
507,1604,126,"Leroy SAG, Lahijani HAK, Djamali M, Naqinezhad A, Moghadam MV, Arpe K, Shah-Hosseini M, Hosseindoust M, Miller CS, Tavakoli V, Habibi P, Naderi Beni M (2011) Late Little Ice Age palaeoenvironmental records from the Anzali and Amirkola Lagoons (south Caspian Sea): Vegetation and sea level changes. Palaeogeography, Palaeoclimatology, Palaeoecology 302 (3-4):415-434."
508,1045,126,"Leroy SAG, Lahijani HAK, Djamali M, Naqinezhad A, Moghadam MV, Arpe K, Shah-Hosseini M, Hosseindoust M, Miller CS, Tavakoli V, Habibi P, Naderi Beni M (2011) Late Little Ice Age palaeoenvironmental records from the Anzali and Amirkola Lagoons (south Caspian Sea): Vegetation and sea level changes. Palaeogeography, Palaeoclimatology, Palaeoecology 302 (3-4):415-434."
509,1165,126,"Leroy SAG, Lahijani HAK, Djamali M, Naqinezhad A, Moghadam MV, Arpe K, Shah-Hosseini M, Hosseindoust M, Miller CS, Tavakoli V, Habibi P, Naderi Beni M (2011) Late Little Ice Age palaeoenvironmental records from the Anzali and Amirkola Lagoons (south Caspian Sea): Vegetation and sea level changes. Palaeogeography, Palaeoclimatology, Palaeoecology 302 (3-4):415-434."
510,1166,126,"Leroy SAG, Lahijani HAK, Djamali M, Naqinezhad A, Moghadam MV, Arpe K, Shah-Hosseini M, Hosseindoust M, Miller CS, Tavakoli V, Habibi P, Naderi Beni M (2011) Late Little Ice Age palaeoenvironmental records from the Anzali and Amirkola Lagoons (south Caspian Sea): Vegetation and sea level changes. Palaeogeography, Palaeoclimatology, Palaeoecology 302 (3-4):415-434."
511,1167,126,"Leroy SAG, Lahijani HAK, Djamali M, Naqinezhad A, Moghadam MV, Arpe K, Shah-Hosseini M, Hosseindoust M, Miller CS, Tavakoli V, Habibi P, Naderi Beni M (2011) Late Little Ice Age palaeoenvironmental records from the Anzali and Amirkola Lagoons (south Caspian Sea): Vegetation and sea level changes. Palaeogeography, Palaeoclimatology, Palaeoecology 302 (3-4):415-434."
512,1168,126,"Leroy SAG, Lahijani HAK, Djamali M, Naqinezhad A, Moghadam MV, Arpe K, Shah-Hosseini M, Hosseindoust M, Miller CS, Tavakoli V, Habibi P, Naderi Beni M (2011) Late Little Ice Age palaeoenvironmental records from the Anzali and Amirkola Lagoons (south Caspian Sea): Vegetation and sea level changes. Palaeogeography, Palaeoclimatology, Palaeoecology 302 (3-4):415-434."
513,1505,126,"Leroy SAG, Lahijani HAK, Djamali M, Naqinezhad A, Moghadam MV, Arpe K, Shah-Hosseini M, Hosseindoust M, Miller CS, Tavakoli V, Habibi P, Naderi Beni M (2011) Late Little Ice Age palaeoenvironmental records from the Anzali and Amirkola Lagoons (south Caspian Sea): Vegetation and sea level changes. Palaeogeography, Palaeoclimatology, Palaeoecology 302 (3-4):415-434."
515,1050,127,"Leroy SAG, Marret F, Gibert E, Chalié F, Reyss JL, Arpe K (2007) River inflow and salinity changes in the Caspian Sea during the last 5500 years. Quaternary Science Reviews 26 (25-28):3359-3383"
517,1506,129,"Leroy SAG, Schwab MJ, Costa PJM (2010) Seismic influence on the last 1500-year infill history of Lake Sapanca (North Anatolian Fault, NW Turkey). Tectonophysics 486 (1-4):15-27"
528,1710,136,"Lopez, P., J.A. Lopez-Saez, E.N. Chernykh, and P.E. Tarasov. (2003) Late Holocene vegetation history and human activity shown by pollen analysis of Novienki peat bog (Kargaly region, Orenburg Oblast, Russia) Veget Hist Archaeobot (2003 ) 12:75-82"
533,1426,141,"Matishov GG, Novenko EY, Krasnorutskaya KV (2012) Late holocene climate changes in the Sea of Azov region. Doklady Earth Sciences 444 (1):656-660"
534,1427,141,"Matishov GG, Novenko EY, Krasnorutskaya KV (2012) Late holocene climate changes in the Sea of Azov region. Doklady Earth Sciences 444 (1):656-660"
535,1428,141,"Matishov GG, Novenko EY, Krasnorutskaya KV (2012) Late holocene climate changes in the Sea of Azov region. Doklady Earth Sciences 444 (1):656-660"
536,1415,141,"Matishov GG, Novenko EY, Krasnorutskaya KV (2012) Late holocene climate changes in the Sea of Azov region. Doklady Earth Sciences 444 (1):656-660"
537,1424,141,"Matishov GG, Novenko EY, Krasnorutskaya KV (2012) Late holocene climate changes in the Sea of Azov region. Doklady Earth Sciences 444 (1):656-660"
538,1425,141,"Matishov GG, Novenko EY, Krasnorutskaya KV (2012) Late holocene climate changes in the Sea of Azov region. Doklady Earth Sciences 444 (1):656-660"
539,1416,141,"Matishov GG, Novenko EY, Krasnorutskaya KV (2012) Late holocene climate changes in the Sea of Azov region. Doklady Earth Sciences 444 (1):656-660"
540,1417,141,"Matishov GG, Novenko EY, Krasnorutskaya KV (2012) Late holocene climate changes in the Sea of Azov region. Doklady Earth Sciences 444 (1):656-660"
541,1418,141,"Matishov GG, Novenko EY, Krasnorutskaya KV (2012) Late holocene climate changes in the Sea of Azov region. Doklady Earth Sciences 444 (1):656-660"
542,1419,141,"Matishov GG, Novenko EY, Krasnorutskaya KV (2012) Late holocene climate changes in the Sea of Azov region. Doklady Earth Sciences 444 (1):656-660"
543,1420,141,"Matishov GG, Novenko EY, Krasnorutskaya KV (2012) Late holocene climate changes in the Sea of Azov region. Doklady Earth Sciences 444 (1):656-660"
544,1421,141,"Matishov GG, Novenko EY, Krasnorutskaya KV (2012) Late holocene climate changes in the Sea of Azov region. Doklady Earth Sciences 444 (1):656-660"
545,1422,141,"Matishov GG, Novenko EY, Krasnorutskaya KV (2012) Late holocene climate changes in the Sea of Azov region. Doklady Earth Sciences 444 (1):656-660"
546,1423,141,"Matishov GG, Novenko EY, Krasnorutskaya KV (2012) Late holocene climate changes in the Sea of Azov region. Doklady Earth Sciences 444 (1):656-660"
550,1157,145,"Mudie, P., Aksu, A.E., Hiscott, R. & Gillespie, H. 2007. Palynological evidence for climatic change, anthropogenic activity and outflow of Black Sea Water during the late Pleistocene and Holocene: centennial- to decadal-scale records from Black, Marmara and  Aegean Sea cores.Quaternary International, in press"
552,1336,147,"Panovska, H., Bozilova, E., Tonkov, S. 1995. A palaeoecological investigation on the vegetaion history in the Southern Pirin Mts. (SW. Bulgaria). In: Advances in Holocene Palaeoecology in Bulgaria. Bozilova, Tonkov eds. Pensoft Publicat. Sofia-Moscow. 32-46."
553,1145,148,"Petrov, Sl. and Filipovitch, L. (1987). Postglacial changes of the vegetation on the slopes of Sredna Gora mountain. Proceedings Nat. Conf. of Botany (Bulgaria). 339-406."
557,1388,150,"Ramezani, E., Marvie Mohadjer, M.R., Knapp, H..D., Theuerkauf, M., Manthey, M., and Joosten, H., 2013. Pollen-vegetation relationships in the central Caspian (Hyrcanian) forests of northern Iran. Review of Palaeobotany and Palynology 189: 38-49"
558,1389,150,"Ramezani, E., Marvie Mohadjer, M.R., Knapp, H..D., Theuerkauf, M., Manthey, M., and Joosten, H., 2013. Pollen-vegetation relationships in the central Caspian (Hyrcanian) forests of northern Iran. Review of Palaeobotany and Palynology 189: 38-49"
559,1390,150,"Ramezani, E., Marvie Mohadjer, M.R., Knapp, H..D., Theuerkauf, M., Manthey, M., and Joosten, H., 2013. Pollen-vegetation relationships in the central Caspian (Hyrcanian) forests of northern Iran. Review of Palaeobotany and Palynology 189: 38-49"
560,1391,150,"Ramezani, E., Marvie Mohadjer, M.R., Knapp, H..D., Theuerkauf, M., Manthey, M., and Joosten, H., 2013. Pollen-vegetation relationships in the central Caspian (Hyrcanian) forests of northern Iran. Review of Palaeobotany and Palynology 189: 38-49"
561,1392,150,"Ramezani, E., Marvie Mohadjer, M.R., Knapp, H..D., Theuerkauf, M., Manthey, M., and Joosten, H., 2013. Pollen-vegetation relationships in the central Caspian (Hyrcanian) forests of northern Iran. Review of Palaeobotany and Palynology 189: 38-49"
562,1394,150,"Ramezani, E., Marvie Mohadjer, M.R., Knapp, H..D., Theuerkauf, M., Manthey, M., and Joosten, H., 2013. Pollen-vegetation relationships in the central Caspian (Hyrcanian) forests of northern Iran. Review of Palaeobotany and Palynology 189: 38-49"
563,1395,150,"Ramezani, E., Marvie Mohadjer, M.R., Knapp, H..D., Theuerkauf, M., Manthey, M., and Joosten, H., 2013. Pollen-vegetation relationships in the central Caspian (Hyrcanian) forests of northern Iran. Review of Palaeobotany and Palynology 189: 38-49"
564,1398,150,"Ramezani, E., Marvie Mohadjer, M.R., Knapp, H..D., Theuerkauf, M., Manthey, M., and Joosten, H., 2013. Pollen-vegetation relationships in the central Caspian (Hyrcanian) forests of northern Iran. Review of Palaeobotany and Palynology 189: 38-49"
565,1393,150,"Ramezani, E., Marvie Mohadjer, M.R., Knapp, H..D., Theuerkauf, M., Manthey, M., and Joosten, H., 2013. Pollen-vegetation relationships in the central Caspian (Hyrcanian) forests of northern Iran. Review of Palaeobotany and Palynology 189: 38-49"
566,1387,150,"Ramezani, E., Marvie Mohadjer, M.R., Knapp, H..D., Theuerkauf, M., Manthey, M., and Joosten, H., 2013. Pollen-vegetation relationships in the central Caspian (Hyrcanian) forests of northern Iran. Review of Palaeobotany and Palynology 189: 38-49"
567,1396,150,"Ramezani, E., Marvie Mohadjer, M.R., Knapp, H..D., Theuerkauf, M., Manthey, M., and Joosten, H., 2013. Pollen-vegetation relationships in the central Caspian (Hyrcanian) forests of northern Iran. Review of Palaeobotany and Palynology 189: 38-49"
568,1397,150,"Ramezani, E., Marvie Mohadjer, M.R., Knapp, H..D., Theuerkauf, M., Manthey, M., and Joosten, H., 2013. Pollen-vegetation relationships in the central Caspian (Hyrcanian) forests of northern Iran. Review of Palaeobotany and Palynology 189: 38-49"
569,1712,151,"Roesch, M., and E. Fischer. 2000. A radiocarbon dated Holocene pollen profile from the Banat mountains (Southwestern Carpathians, Romania). Flora 195:277-286"
571,2107,153,"Shopov, V.S., E.D.B. Bozilova, and J.R. Atanassova. 1992. Biostratigraphy and radiocarbon data of upper quaternary sediments from the western part of the Black Sea. Geologica Balcanica, 22(2):59-70."
572,2108,153,"Shopov, V.S., E.D.B. Bozilova, and J.R. Atanassova. 1992. Biostratigraphy and radiocarbon data of upper quaternary sediments from the western part of the Black Sea. Geologica Balcanica, 22(2):59-70."
574,1744,155,Shumilovskikh. unpublished.
575,1745,155,Shumilovskikh. unpublished.
576,1746,155,Shumilovskikh. unpublished.
577,1747,155,Shumilovskikh. unpublished.
578,1748,155,Shumilovskikh. unpublished.
579,1749,155,Shumilovskikh. unpublished.
580,1750,155,Shumilovskikh. unpublished.
581,1751,155,Shumilovskikh. unpublished.
582,1752,155,Shumilovskikh. unpublished.
583,1753,155,Shumilovskikh. unpublished.
584,1723,155,Shumilovskikh. unpublished.
585,1724,155,Shumilovskikh. unpublished.
586,1725,155,Shumilovskikh. unpublished.
587,1726,155,Shumilovskikh. unpublished.
588,1727,155,Shumilovskikh. unpublished.
589,1728,155,Shumilovskikh. unpublished.
590,1729,155,Shumilovskikh. unpublished.
591,1730,155,Shumilovskikh. unpublished.
592,1731,155,Shumilovskikh. unpublished.
593,1732,155,Shumilovskikh. unpublished.
594,1733,155,Shumilovskikh. unpublished.
595,1734,155,Shumilovskikh. unpublished.
596,1735,155,Shumilovskikh. unpublished.
597,1736,155,Shumilovskikh. unpublished.
598,1737,155,Shumilovskikh. unpublished.
599,1738,155,Shumilovskikh. unpublished.
600,1739,155,Shumilovskikh. unpublished.
601,1740,155,Shumilovskikh. unpublished.
602,1741,155,Shumilovskikh. unpublished.
603,1742,155,Shumilovskikh. unpublished.
604,1743,155,Shumilovskikh. unpublished.
606,1339,157,"Stefanova, I., Bozilova, E. 1995. Studies on the Holocene history of vegetation in the Northern Pirin Mts., southwestern Bulgaria. In: advances in Holocene Palaeoecology in Bulgaria, ed. Bozilova, Tonkov, Sofia. 9-31."
607,1693,158,"Tantau, I. 2003. Pollen analytic researches in the Eastern Romanian Carpathians. History of vegetation and human impact Thesis of environmental Sciences, Paleontology and Stratigraphy. Aix-Marseille III University and Babes-Bolyai of Cluj-Napoca University."
610,1693,161,"Tantau, I., M. Reille, J.-L. De Beaulieu, S. Farcas, T. Goslar, and M. Paterne. 2003. Vegetation history in the Eastern Romanian Carparthians: pollen analysis of the two sequences from the Mohos crater. Veget. Hist. Archaeobot. (2003) 12: 113-125"
611,2075,162,"Tarasov, P.E., and C.V. Kremenetski. 1995. Geochronology and stratigraphy of the Holocene lacustrine-bog deposits in northern and central Kazakhstan. Stratigraphy and Geological Correlation, 3:73-80."
615,2077,166,"Tonkov, S., and G. Possnert. 2016. Contributions to the European Pollen Database. 30. Peat bog Kumata-1, Vitosha Mountain (Bulgaria). Grana."
616,1414,167,"Tonkov, S., E. Bozilova, and H. Jungner. 2009. 7. Mire Staldza (Southeastern Bulgaria): Late Holocene vegetation history. Grana 48(3):235-237."
617,1414,168,"Tonkov, S., E. Bozilova, E. Marinova, and H. Jungner. 2008. History of vegetation and landscape during the last 4000 years in the area of Straldzha mire (southeastern Bulgaria). Phytologia Balcanica 14(2):185-191."
618,1824,169,"Tonkov, S., M.A. Lazarova, E.D.B. Bozilova, D. Ivanov, and I. Snowball. 2013. Contributions to the European Pollen Database. 19. Mire Kupena, Westren Rhodopes Mountains (South Bulgaria). Grana, 52(3):238-240."
619,1824,170,"Tonkov, S., M.A. Lazarova, E.D.B. Bozilova, D. Ivanov, and I. Snowball. 2014. A 30,000-year pollen record from Mire Kupena, Western Rhodopes Mountains (south Bulgaria). Review of Palaeobotany and Palynology, 209:41-51."
624,2106,174,"van Huis, J., S. Tonkov, and E.D.B. Bozilova. 2013. Contributions to the European Pollen Database. 18. Lake Blatisto, Rhodopes Mountains (South Bulgaria). Grana, 52(1):78-80."
625,2106,175,"van Huis, J., S. Tonkov, and E.D.B. Bozilova. 2013. Two millennia of vegetation history in the Smolyan lake area, Central Rhodopes Mountains (Bulgaria). Phytologia Balcanica, 19(2):169-178."
628,1347,178,"Van Zeist, W., Woldring, H. (1978) A postglacial pollen diagram from Lake Van in east Anatolia. Review of Palaeobotany and Palynology 26:249-276."
633,1113,181,"Van Zeist, W., Woldring, H., and Stapert, D. (1975) Late quaternary vegetation and climate of southwestern Turkey. Palaeohistoria 17:53-144"
634,1818,182,"Wagner, B.; Lotter, A. F; Nowaczyk, N.R; Reed, J. M; Schwalb, A.; Sulpizio, R.; Valsecchi, V.; Wessels, M.; Zanchetta, G. (2009): A 40,000-year record of environmental change from ancient Lake Ohrid (Albania and Macedonia). Journal of Paleolimnology, 41, 407-430, doi:10.1007/s10933-008-9234-2"
635,1108,183,"Wick, L., Lemcke, G. and Sturm, M. 2003. Evidence of Lateglacial and Holocne climatic change and human impact in eastern Anatolia: high-resolution pollen, charcoal, isotopic and geochemical records from the laminated sediments of Lake Van, Turkey. The Holocene 13 (5): 665-675."
637,1716,185,"Wunderlich, J., Herbig, Ch., Marinova, E., Nowacki, D. and Röpke, A. (2012) Landschafts- und Flussgeschichte der unteren Donau im Umfelfd des Siedlungshügels Magura Gorgana, Südrumänien. In: Stobbe, A. and Tegtmeier, U. (Hrsg.) Verzweigungen. Eine Würdigung für A.J.Kalis und J. Meurers-Balke. Habelt-Verlag, Bonn, pp. 333-350"
638,1717,185,"Wunderlich, J., Herbig, Ch., Marinova, E., Nowacki, D. and Röpke, A. (2012) Landschafts- und Flussgeschichte der unteren Donau im Umfelfd des Siedlungshügels Magura Gorgana, Südrumänien. In: Stobbe, A. and Tegtmeier, U. (Hrsg.) Verzweigungen. Eine Würdigung für A.J.Kalis und J. Meurers-Balke. Habelt-Verlag, Bonn, pp. 333-350"
639,1719,185,"Wunderlich, J., Herbig, Ch., Marinova, E., Nowacki, D. and Röpke, A. (2012) Landschafts- und Flussgeschichte der unteren Donau im Umfelfd des Siedlungshügels Magura Gorgana, Südrumänien. In: Stobbe, A. and Tegtmeier, U. (Hrsg.) Verzweigungen. Eine Würdigung für A.J.Kalis und J. Meurers-Balke. Habelt-Verlag, Bonn, pp. 333-350"
640,1720,185,"Wunderlich, J., Herbig, Ch., Marinova, E., Nowacki, D. and Röpke, A. (2012) Landschafts- und Flussgeschichte der unteren Donau im Umfelfd des Siedlungshügels Magura Gorgana, Südrumänien. In: Stobbe, A. and Tegtmeier, U. (Hrsg.) Verzweigungen. Eine Würdigung für A.J.Kalis und J. Meurers-Balke. Habelt-Verlag, Bonn, pp. 333-350"
641,1721,185,"Wunderlich, J., Herbig, Ch., Marinova, E., Nowacki, D. and Röpke, A. (2012) Landschafts- und Flussgeschichte der unteren Donau im Umfelfd des Siedlungshügels Magura Gorgana, Südrumänien. In: Stobbe, A. and Tegtmeier, U. (Hrsg.) Verzweigungen. Eine Würdigung für A.J.Kalis und J. Meurers-Balke. Habelt-Verlag, Bonn, pp. 333-350"
644,1340,181,"Van Zeist, W., Woldring, H., and Stapert, D. (1975) Late quaternary vegetation and climate of southwestern Turkey. Palaeohistoria 17:53-144"
645,1505,186,"Amini, A., Harami, R.M., Lahijani, H., and  Mahboubi, A. (2012) Holocene sedimentation rate in Gorgan Bay and adjacent coast in Southeast of Caspian Sea. Journal of Basic and Applied Scientific Research, 2(1)289-297"
647,1694,187,"Tonkov, S. (2021) The Postglacial Vegetation History in Southwestern Bulgaria. Advanced Books. https://doi.org/10.3897/ab.e68615"
652,2117,190,"Cheddadi, R., and C. Khater (2016) Climate change since the last glacial period in Lebanon and the persistence of Mediterranean species. Quaternary Science Reviews 150:146-157."
657,2121,193,"Willis, Katherine J; Braun, M; Sumegi, Pal; Toth, A (1997) Does soil change cause vegetation change or vice versa? A temporal perspective from Hungary. Ecology, 73(3), 740-750"
658,2122,194,"Carter, V.A., P. Bobek, A. Moravcová, A. Šolcová, R.C. Chiverrell, J.L. Clear, W. Finsinger, A. Feurdean, I. Tanţău, E. Magyari, T. Brussel, and P. Kuneš. 2020. The role of climate-fuel feedbacks on Holocene biomass burning in upper-montane Carpathian forests. Global and Planetary Change. 193(2020)103264 [https://doi.org/10.1016/j.gloplacha.2020.103264.]"
