ID_EMPDv2,source,site_name,entity_name,latitude,longitude,elevation,basin_size,site_type,entity_type,age_BP,ID_BIOME,publication,DOI,Abies,Acer,Acer turkestanica,Achillea type,Aconitum,Aesculus,Aethusa cynapium type,Alchemilla type,Allium type,Alnus alnobetula,Alnus glutinosa type,Amaranthaceae,Ambrosia type,Amorpha fruticosa,Anemone hortensis,Anemone nemorosa type,Anthemis type,Anthericum,Anthericum type,Anthriscus sylvestris type,Apiaceae,Apium inundatum type,Apium type,Arbutus type,Arceuthobium,Artemisia,Aruncus type,Asplenium type,Asteroideae,Astragalus type,Athyrium filix-femina,Berula erecta,Betula,Bidens type,Bistorta type,Boraginaceae,Botrychium,Brassicaceae,Bupleurum type,Buxus,Calluna vulgaris,Campanula,Campanulaceae,Carduus type,Carlina,Carpinus,Caryophyllaceae,Castanea sativa,Cedrus,Celtis,Centaurea montana type,Centaurea nigra type,Centaurea solstitialis,Centaurium,Cerastium cerastioides type,Cerastium fontanum type,Chaerophyllum hirsutum type,Chamaerops humilis,Cichorioideae,Cirsium,Cirsium type,Cistus crispus type,Cistus salviifolius,Citrus,Clematis type,Conium type,Convolvulus,Cornus mas,Cornus sanguinea,Corylus avellana,Cousinia type,Crassula,Cryptogramma crispa,Cryptomeria type,Cuscuta,Cyperaceae,Cystopteris fragilis,Daucus type,Dianthus type,Dipsacaceae,Dryopteris filix-mas type,Echium,Elaeagnus,Elaeagnus type,Empetrum type,Ephedra distachya type,Ephedra fragilis type,Epilobium,Eremurus,Erica arborea type,Ericaceae,Eryngium,Eryngium type,Eucalyptus,Euphorbia,Fabaceae,Fagus,Fagus sylvatica,Falcaria type,Falcaria vulgaris type,Fallopia convolvulus type,Filipendula,Frangula alnus,Fraxinus excelsior,Fraxinus ornus,Fraxinus sogdiana,Galeopsis type,Gentiana,Gentiana pneumonanthe type,Geranium,Geranium type,Gnaphalium type,Gypsophila repens type,Hedera type,Helianthemum,Helianthemum type,Helleborus viridis,Heracleum type,Hippophae rhamnoides,Hornungia/Sinapis type,Huperzia selago,Hyoscyamus type,Hypericaceae,Hypericum perforatum type,Impatiens type,Juglans,Juglans regia,Juncaceae,Juniperus,Juniperus type,Kalmia procumbens type,Lamiaceae,Larix,Lathyrus type,Ligusticum type,Ligustrum,Liliaceae,Lilium martagon type,Linum austriacum type,Linum type,Liquidambar,Lonicera type,Lotus type,Lythrum,Lythrum salicaria,Matricaria type,Melampyrum,Mentha type,Mercurialis,Mercurialis annua,Minuartia rubra type,Morus alba,Morus alba type,Olea,Onobrychis,Onobrychis type,Ononis type,Ornithopus,Ostrya type,Papaver rhoeas type,Paronychia type,Pedicularis type,Peucedanum type,Phillyrea,Phyteuma,Picea,Picea schrenkiana,Pimpinella major type,Pinus,Pinus (Diploxylon),Pinus (Haploxylon),Pinus cembra,Pinus sylvestris type,Pistacia,Plantago,Plantago alpina type,Plantago coronopus,Plantago coronopus type,Plantago lanceolata type,Plantago maritima type,Plantago media/Plantago major,Plantago media/Plantago major type,Plantago tenuiflora type,Platanus,Plumbaginaceae,Poaceae,Polemonium type,Polygonaceae,Polygonum aviculare,Polygonum aviculare type,Polygonum viviparum,Polypodiales,Polypodium vulgare type,Populus,Potentilla type,Primula farinosa,Primula veris type,Prunus type,Pteridium aquilinum,Pulmonaria type,Pulsatilla,Quercus cerris type,Quercus ilex type,Quercus pubescens type,Quercus robur/Quercus pubescens type,Ranunculaceae,Ranunculus acris type,Ranunculus arvensis type,Ranunculus reniformis type,Reseda type,Rhamnus cathartica,Rhamnus type,Rhinanthus type,Rhus type,Robinia pseudoacacia,Roemeria type,Rosa type,Rosaceae,Rubiaceae,Rumex acetosa type,Rumex acetosella,Rumex acetosella type,Rumex obtusifolius type,Ruta type,Sagina,Salix,Salsola kali type,Sambucus,Sanguisorba minor ssp minor,Sanguisorba minor type,Sanguisorba officinalis,Saussurea type,Saxifraga oppositifolia type,Saxifraga tridactylites type,Scabiosa type,Scrophulariaceae,Sedum,Senecio type,Silene dioica type,Silene vulgaris type,Sium type,Smyrnium type,Solanum dulcamara,Solanum nigrum type,Soldanella,Sorbus type,Sorbus/Rubus type,Symphytum,Tamarix,Taxus,Teucrium type,Thalictrum,Thalictrum type,Thesium humifusum,Tilia,Trachycarpus fortunei,Trifolium pratense type,Trifolium repens type,Trifolium type,Trinia glauca type,Trollius,Tsuga,Ulex type,Ulmus,Urtica dioica type,Urtica membranacea type,Urtica pilulifera,Urtica urens,Vaccinium type,Valeriana dioica type,Valeriana officinalis type,Veronica type,Viburnum lantana,Vicia type,Viscum,Xanthium type
3956,EMPD2,Gorgo basso,EPDcoretop_E2366,37.6,12.65,6,0.03,lake,core_top,32,13,"Calò, C., P.D. Henne, B. Curry, M. Magny, E. Vescovi, T. La Mantia, S. Pasta, B. Vannière, and W. Tinner. 2012. Spatio-temporal patterns of Holocene environmental change in southern Sicily. Palaeogeography, Palaeoclimatology, Palaeoecology, 323-325:110-112.",,,,,,,,,,,,,6,,,,,1,1,,,,,1,,,3,,,,28,,,,3,,,,24,,,,,,,1,,,,,,,,,,,,1,,1,,,,,1,,,,,,1,,,,,3,34,,,,,,5,,,,,,,,1,,1,,8,,5,,1,5,,,,,,,,,,,,,1,,,,,,,,,,,,2,,,,1,,10,,,,,,,1,,,,,,,1,,,,6,,4,,,,14,1,,,1,,,2,,2,,,,,,,1,1,,,25,,,,1,4,1,,,,,,73,,,,,,,,,,,,,,,,,12,1,,,,,,3,,,,,,,,,1,,8,,,,,1,,,,,,,,1,,,,,,,,3,,,,,,,1,,,1,,,,1,,4,,,,,,,2,1,,,,,,,,,,
4184,EMPD2,Lago dell Accesa,Finsinger_a1,42.9882170028838,10.895635820092,143,,,sediment,-55,4,"Finsinger W, Heiri O, Valsecchi V, et al (2007) Modern pollen assemblages as climate indicators in southern Europe. Global Ecology and Biogeography 16:567-582",10.1111/j.1466-8238.2007.00313.x,,2,,2,,,,,,,4,5,,,,,,,,,,,,,,2,,1,1,,,,,,,,,2,,,,,,,,1,,4,,,,,,,,,,,1,,,,,,1,,,,,2,,,,,,,,,,,,,,,,,1,,,12,,,,,,,2,,,,1,,,3,9,,,,,,,,,,,,,,,,,,,,,,,,51,,,,,,,,,,,,,,,,,,,,2,,,,,14,,,,,10,,,,,12,,,,,,,,,27,3,,,,,5,,,,,,,36,,,,,,,,1,,,,,,,,51,78,,6,,,,,,,,,,,,,,,1,,,,,1,3,,,,,,,,,,,,,,,,,,,1,,,,,,,,,2,,,,,,,,,,,,,,,1,6,,,2,,,
4185,EMPD2,Lago Albano,Finsinger_a2,41.7484233022717,12.6696680668051,293,,,sediment,-55,4,"Finsinger W, Heiri O, Valsecchi V, et al (2007) Modern pollen assemblages as climate indicators in southern Europe. Global Ecology and Biogeography 16:567-582",10.1111/j.1466-8238.2007.00313.x,,,,,,,,,,,12,7,,,,,,,,,,,,,,4,,,3,,,,,,,,,3,,1,,,,,,2,,34,3,,,,,,,,2,,2,,,,,,,,,,,13,,,,,,,,,,,,,,,,,,,,,,,,3,,,4,,,,,,,,5,,,,,,,,,,,,,,,,,,,,,2,,,34,,,,,,,,,,,,,,1,,,,,,2,,,,,22,,,,,19,,,,,4,,,,,,,,,33,3,,,,,3,,,,,,,47,,,1,,,,1,,,,,,,,,39,38,,2,,,,,,,,,,,,,,,2,,,,,7,,,2,,,,,,,,,,,,,,,,,,,,,,,,,,,1,,,,,,,,2,1,,,,,6,4,,,,,,
4186,EMPD2,Lago di Alice Superiore,Finsinger_a3,45.462496431533,7.79597435174097,573,,,sediment,-55,13,"Finsinger W, Heiri O, Valsecchi V, et al (2007) Modern pollen assemblages as climate indicators in southern Europe. Global Ecology and Biogeography 16:567-582",10.1111/j.1466-8238.2007.00313.x,2,1,,,,,,,,2,109,,2,,,,,,,,,,,,,3,,,,,,,20,,,,,,,,,,,,,1,,47,,,,,,,,,,,,,,,,,,,,,,23,,,,,,,,,,,,,,,,,,,,,,,,,,,5,,,1,,,,14,,,,,,,,,,,,,,,,,,,,,,3,,,7,,,,1,,,,,,,,,,,,,,1,,,,,,,,,,,,4,,,,,,,1,,,,,,1,12,1,,,,,5,,1,,,2,,33,,,,,,,5,3,,,,,,,,3,2,,22,,,,,,,1,,,,,,,,1,,,,,5,1,,,,,,,,,,,,,,,,,,,,1,,,,1,,,,1,,,,,,,,,,1,,,,,,6,,,,,,
4187,EMPD2,Lago di Alserio,Finsinger_a4,45.7866257143131,9.21469351246119,260,,,sediment,-55,13,"Finsinger W, Heiri O, Valsecchi V, et al (2007) Modern pollen assemblages as climate indicators in southern Europe. Global Ecology and Biogeography 16:567-582",10.1111/j.1466-8238.2007.00313.x,,,,,,,,,,5,47,2,,,,,,,,,,,,,,3,,1,1,,,,18,,,,,,,,,,,,,1,,25,8,,,,,,,,,1,1,,,,,,,,,,,25,,,,,,,,,,,,,,,,,1,,,,,,,,,,6,,,,,4,,13,2,,,,,,,,,1,,,,,,,,,,,,2,,,27,,,,3,,,,,,,,,,,,,,,,,,,,,1,,,,,61,,,,,,,2,,,,,,,10,,,,,,8,,,,,13,,59,,,,,,,,8,,,,1,,,,,3,,39,,,,,,,,,,1,,,,,1,,,,,5,5,,3,,,,,,,,,3,,,,,,,,,,,1,,11,,,,,,,,,,,,,,1,,,,,,5,,,,2,,
4188,EMPD2,Lago dell Aquilente,Finsinger_a5,42.2932151070587,13.1292840973372,1164,,,sediment,-55,13,"Finsinger W, Heiri O, Valsecchi V, et al (2007) Modern pollen assemblages as climate indicators in southern Europe. Global Ecology and Biogeography 16:567-582",10.1111/j.1466-8238.2007.00313.x,,1,,6,,,,,,,5,1,1,,,1,,,,,,,,,,5,,,5,,,,1,,,,,1,,,,1,,,,,6,5,,,,,,,,7,,,17,1,,,,,,,,,,17,,,1,,,,,,,,,,,,,,,,,,,,,,,,22,,,1,,,,,5,,,,,,,,,1,1,,,,,,,,,,,,,,31,,,,,,,1,,,1,,,,,,,,,,,,,,,4,,,,,24,,,,,2,,,,,,,,,12,,,,,,11,,1,,,1,,117,,,1,,,,2,3,,,,,,,,30,12,,14,,,,,,,,2,,,,,,,2,,,,,3,1,,,,,,,,,,,4,1,,1,,,,,,,,,,,,,,2,,,,,,2,,,,4,,,,,,,,,,,,
4189,EMPD2,Lago Grande di Avigliana,Finsinger_a6,45.0663150255289,7.3874614536924,350,,,sediment,-55,13,"Finsinger W, Heiri O, Valsecchi V, et al (2007) Modern pollen assemblages as climate indicators in southern Europe. Global Ecology and Biogeography 16:567-582",10.1111/j.1466-8238.2007.00313.x,1,,,,,,,,,1,43,5,3,,,,,,,,,,,,,4,,1,,,,,19,,,,,5,,,,,,,,3,,50,7,,,,,,,,,,2,1,,,,,,,,,,30,,,,,,,,,,,,,,,,,,,,,2,,,,,,6,,,,,,1,39,1,,,,,,,,,1,,,,,,,,,,,,3,,,20,,,,6,,,,,,,,,,,,,,,2,,,,2,,1,,,,,8,,,,,,,2,,,,,,,44,,,,,,3,,2,,,6,,70,,,,,,,1,12,,,,,,,,,4,,47,,,,,,,,,,,,,,,1,,5,,,,16,,6,,,,,,,,,1,1,,,,,,,,1,,,,4,,,,,,,,,,,,,,3,,,,,,19,,,,,,
4190,EMPD2,Lago di Ballone,Finsinger_a7,44.464280767136,10.1093277734358,760,,,sediment,-55,13,"Finsinger W, Heiri O, Valsecchi V, et al (2007) Modern pollen assemblages as climate indicators in southern Europe. Global Ecology and Biogeography 16:567-582",10.1111/j.1466-8238.2007.00313.x,1,,,,,,,,,,9,2,,,,3,,,,,,,,,,4,,1,2,,,,1,,,,,1,,,,,,,,1,,15,,,,,,,,,,,11,,,,,,5,,,,,36,,,,,,,,,,,,,,,,,,,,,,,,,,,6,,,,,2,,,8,,,,,,,,,1,1,,,,,,,,,,,2,,,6,,,,,,,,,,1,,,,,,,,,,,,,,,2,,1,,,59,,,,,,,2,,,,,,,19,,,,,,7,,1,,,1,,62,,,,,,,,35,,1,,,,,,23,2,,3,,,,,,,,2,,,,,,,,,,,,3,49,,5,,,,,,,,,,,,,,,,,,,,,,,,,,,,,,,,1,,,,3,,,,,,2,,,,,,
4191,EMPD2,Biviere Cesaro,Finsinger_a8,37.9530590364065,14.7159016664793,1282,,,sediment,-55,4,"Finsinger W, Heiri O, Valsecchi V, et al (2007) Modern pollen assemblages as climate indicators in southern Europe. Global Ecology and Biogeography 16:567-582",10.1111/j.1466-8238.2007.00313.x,,,,6,,,,,,,4,3,,,,,,,,,,,,,,,,,4,,,,,,,,,2,,,,,,,,,,4,,,,,,,,,1,,14,,,,,,1,,,,,3,,,,,,,,,,,,,,,,1,,,,,,,,,,,52,,,,,,,4,1,,,,,,,,,,,,,,,,,,,,,,,,23,,,,,,,,,,,,,,,,,,,,,,,,,11,,,,,5,,,,,12,,,,,,,,,3,1,,,42,,7,,,,,,,130,,,,,,,4,,,,,,,,,40,5,,1,,,,,,,,1,,,,,,,1,,,,,8,1,,,,,,,,,,,,,,,,,,,,,,,,,,,,4,,,,1,,,,,,3,,,1,2,4,4,,,,,,
4192,EMPD2,Lago di Bertignano,Finsinger_a9,45.4323373303783,8.06234030595079,375,,,sediment,-55,13,"Finsinger W, Heiri O, Valsecchi V, et al (2007) Modern pollen assemblages as climate indicators in southern Europe. Global Ecology and Biogeography 16:567-582",10.1111/j.1466-8238.2007.00313.x,,,,,,,,,,1,15,,5,,,,,,,,,,,,,4,,,2,,,,7,,,,,,,,,,,,,1,,48,2,,,,,,,,,,1,,,,,,,,,,,8,,,,,,,,,,,,,,,,,,,,,1,,,,,,,,,,,,,3,2,,,,,,,,,,,,,,,,,,,,,2,,,,,,,,,,,,,,,,,,,,,,,,,,,,,,,,,1,,,,,,,,,,,,,4,6,,,,,,3,,,,,3,,47,,,,,,,4,5,,,,,,,,2,1,,22,,,,,,,,,,1,,,,,,,,,,5,9,,,,,,,,,,,,,,,,,,,,,,,,,,,,,1,,,,,2,,,,3,,,,,,14,,,,,,
4193,EMPD2,Lago di Bolsena,Finsinger_a10,42.6002616247117,11.9342283081117,305,,,sediment,-55,4,"Finsinger W, Heiri O, Valsecchi V, et al (2007) Modern pollen assemblages as climate indicators in southern Europe. Global Ecology and Biogeography 16:567-582",10.1111/j.1466-8238.2007.00313.x,,,,,,,,,,,10,8,1,,,,,,,,,,,,,5,,,1,,,,3,,,,,6,,,,,,,,2,1,8,,,,,,,,,,,2,,,,,,,,,,,16,,,,,,,,,,,,,,,,,,,,,,,,1,,,,,,,,,,2,6,,,,,,,,,,,,,,,,,,,,,,,,33,,,,,,,,,,,,,,1,,,,,,1,,,,,24,,,,,5,,,,,5,,,,,,,,,28,2,,,,,5,,,,,,,71,,,1,,,,2,2,,,,,,,,82,17,,15,,,,,,,,,,,,,,,1,,,,,2,2,,,,,,,,,,,,,,,,,,,,,,,,2,,,,1,,,,,,,,,,5,,,,,5,2,,,,,,
4194,EMPD2,Lago di Bracciano,Finsinger_a11,42.1220814712807,12.2303133616996,164,,,sediment,-55,4,"Finsinger W, Heiri O, Valsecchi V, et al (2007) Modern pollen assemblages as climate indicators in southern Europe. Global Ecology and Biogeography 16:567-582",10.1111/j.1466-8238.2007.00313.x,,,,,,,,,,,18,3,1,,,,,,,,,,,1,,1,,,1,,,,2,,,,,5,,,,,,,,2,,4,,2,,1,,,,,,,1,,,,,,,,,,,29,,,,,,,,,,,,,,,,,,,,,,,,1,,,3,,,,,,,3,4,,,,,,,,,,,,,,,,,,,,,,,,45,,,,,,,,,,,,,,,,,,,,1,,,,,7,,,,,14,,,,,6,,2,,,,,,,32,2,,,,,8,,1,,,4,,76,,,,,,,2,,,,,,,,,59,17,,9,,,,,,,,,,1,,,,,,,,,,2,4,,1,,,,,,,,,,,,,,,,,,1,,,,1,,,,4,,,,,,,,,,,,,,2,3,2,,,,,,
4196,EMPD2,Lago Calamone,Finsinger_a13,44.382168373328,10.2819703504233,1385,,,sediment,-55,13,"Finsinger W, Heiri O, Valsecchi V, et al (2007) Modern pollen assemblages as climate indicators in southern Europe. Global Ecology and Biogeography 16:567-582",10.1111/j.1466-8238.2007.00313.x,,1,,1,,,,1,,2,6,2,,,,,,,,,,,,,,4,,,2,,,,,,,,,2,,,,,,,,2,1,9,1,,,,,,,,,,2,,,,,,1,,,,,13,,,,,,,,,,,,1,,,,,,,,,,,,,,,32,,,,,4,,1,5,,,,,,,,,,,,,,,,,,,,,,,,16,,,,,,,,,,,,,,,,,,,,,,,1,,2,,,,,42,,,,1,,,1,,,,,,,21,1,,,,,,,1,,,1,,69,,,,,,,15,,,,,,,,,26,2,,6,,,,,,,,,,,,,,,1,,2,,,1,,,,,,,,,,,,,,,,,,,,,,,,,,,,,1,1,,,,,,,,,,,,,,,3,,,1,,,
4197,EMPD2,Lago Campagna,Finsinger_a14,45.4844411934367,7.89945060655614,236,,,sediment,-55,13,"Finsinger W, Heiri O, Valsecchi V, et al (2007) Modern pollen assemblages as climate indicators in southern Europe. Global Ecology and Biogeography 16:567-582",10.1111/j.1466-8238.2007.00313.x,,,,,,,,,,3,53,1,2,,,1,,,,,,,,,,1,,,1,,1,,14,,,,,2,,,2,,,,,,,120,,,,,,,,,,,,,,,,,,,,,,11,,,,,,,,,,,,,,,,,,,,,,,,,,,1,,,,,2,,14,1,,,,,,,,,3,,,,,,,,,,,,3,,,7,,,,,,,,,,,,,,1,,,,,1,,,,,,,,,,,6,,,,,,,2,,,,,,3,18,,,,,,,,,,,3,,33,,,1,,,,6,6,,,,1,,,,1,2,,28,,,,,,,,,,,,,,,,,2,,,8,19,,5,,,,,,,,,1,,,,,,1,,,,,,,,,,,,,,,,,,,,1,4,,,,,,23,,,,,,
4198,EMPD2,Lago di Candia,Finsinger_a15,45.3245480476282,7.91041149497752,226.5,,,sediment,-55,13,"Finsinger W, Heiri O, Valsecchi V, et al (2007) Modern pollen assemblages as climate indicators in southern Europe. Global Ecology and Biogeography 16:567-582",10.1111/j.1466-8238.2007.00313.x,,,,,,,,,,2,29,5,1,,,,,,,,,,,,,4,,4,1,,,,12,,,,,,,,,,,,,2,,1,1,,,,,,,,,,1,,,,,,,,,,,13,,,,,,,,,,,,,,,,,,,,,,,,,,,4,,,,,,,6,7,,,,,,,,,,,,,,,,,,,,,8,,,9,,,,3,,,,,,,,,,,,,,,,,,,,,,,,,,3,,,,,,,,,,,,,2,23,1,,1,,,3,,,,,3,,74,,,,,,,1,,,,,,,,,17,1,,16,,,,,,,,,,,,,,,1,,,,,6,3,,,,,,,,,,,3,,,,,,,,,,,,,,,,,1,,,,,,,,,,3,,,,,1,10,,,,,,
4199,EMPD2,Lago di Caselette,Finsinger_a16,45.1172383908716,7.49086594010446,370,,,sediment,-55,13,"Finsinger W, Heiri O, Valsecchi V, et al (2007) Modern pollen assemblages as climate indicators in southern Europe. Global Ecology and Biogeography 16:567-582",10.1111/j.1466-8238.2007.00313.x,2,,,,,,,,,4,22,4,,,,,,,,1,,,,,,8,,,4,,,,6,,,,,,,,1,,,,,2,,22,2,,,,,,,,,,3,,,,,,,,,,,14,,,,6,,,,,,,,,,,,,,,,,,,,,,,2,,,,,,,8,,,,,,,,,,,,,,,,,,,,,,,,,8,,,,4,,,,,,,,,,,,,,,,,,,,,,,,,,6,,,,,,,,,,,,,4,34,,,,,,6,,,,,,,160,,,,,,,4,2,,,,,,,,6,2,,68,,,,,,,,4,,,,,,,2,,,,,4,,,,,,,,,,,,2,,,,,,,,,,,,,1,,,,,,,,,,,,,,6,,,,,,8,,,,,,
4200,EMPD2,Lago di Comabbio,Finsinger_a17,45.7643534118201,8.69268401368483,243,,,sediment,-55,13,"Finsinger W, Heiri O, Valsecchi V, et al (2007) Modern pollen assemblages as climate indicators in southern Europe. Global Ecology and Biogeography 16:567-582",10.1111/j.1466-8238.2007.00313.x,,,,,,,,,,3,60,,2,,,,,,,,,,,,,4,,3,1,,1,,10,,,,,,,1,1,,,,,,,33,4,,,,,,,,1,,,,,,,,,,,,,8,,,,,,,,,,,,,,,,,,,,,,,,,1,,4,,,,,1,,5,7,,,,,,,,,,,,1,,,,,,,1,,2,,,16,,,,,,,,,,,,,,2,,,,,,,,,,,5,,,,,6,,,,,,,4,,,,,,16,39,,,1,,,2,,,,,5,,59,,,,,,,7,1,,,,1,,,,1,,,35,,,,,,,1,,,,,,,,,,,,,9,3,,,,,,,,,,,1,,,,,,,,,,,,,1,,,,,,,,,,,,,,1,,,,,,6,,,,,,
4201,EMPD2,Lago di Fibreno,Finsinger_a18,41.7010842586896,13.6862665799491,288,,,sediment,-55,4,"Finsinger W, Heiri O, Valsecchi V, et al (2007) Modern pollen assemblages as climate indicators in southern Europe. Global Ecology and Biogeography 16:567-582",10.1111/j.1466-8238.2007.00313.x,,,,,,,,,,,1,4,,,,,,,,,,2,,,,2,,2,,,,,1,,,,,6,,1,,1,,,,,,12,,,,,,,,1,2,,7,2,,,,,,,,,,8,,,,,,,,,,,,,,,,,,,,,,,,,,,5,,,,,,,2,6,,,,,,,,,,,,,,,,,,,,,5,,,16,,,,,,,1,,,,,,,1,,,,,,,,,,,12,,,,,19,,,,,3,,,,,,,,,8,1,,,,,3,,,,,1,,48,,,,,,,1,4,,,4,,,,2,52,7,,14,,1,,,,,,2,,,,,,,2,,,,,2,5,,1,,,,,,,,,,,1,,,,,1,1,,,,,,,,,1,,,,,,,10,,,1,,,,,,20,,,,,,
4202,EMPD2,Lago di Fraturno,Finsinger_a19,42.0791689995319,12.9423268082854,720,,,sediment,-55,13,"Finsinger W, Heiri O, Valsecchi V, et al (2007) Modern pollen assemblages as climate indicators in southern Europe. Global Ecology and Biogeography 16:567-582",10.1111/j.1466-8238.2007.00313.x,,,,1,,,,,,,,4,,,,,,,,,,,,,,2,,,,,,,1,,,,,1,,,1,,,,,1,,8,,,,,,,,,,,5,,,,,,,,,,,33,,,,,,,,,,,,1,,,,,1,,,,2,,,,,,3,,,,,1,,1,16,,,,,,,,,,,,,,,,,,,,,2,,,20,,,,,,,,,,,,,,,,,,,,,,,,,12,,,,,75,,,,,1,,,,,,,,,18,2,,,,,4,,2,,,,,63,,,1,,,,2,27,,1,,,,,,43,19,,59,,,,,,,2,1,1,,,,,,,,,,,5,4,,,,,,,,,,,1,,,,,,,,,,,,,,,,,,,,,,,1,,,2,5,,,,,,5,,,,,,
4203,EMPD2,Lago di Ganna,Finsinger_a20,45.8976915789821,8.82626725666381,452,,,sediment,-55,13,"Finsinger W, Heiri O, Valsecchi V, et al (2007) Modern pollen assemblages as climate indicators in southern Europe. Global Ecology and Biogeography 16:567-582",10.1111/j.1466-8238.2007.00313.x,2,,,,,,,,,1,76,,1,,,1,,,,,,,,,,4,,,1,,,,5,,,,,,,,2,,,,,3,,29,2,,,,,,,,,,,,,,,,,,,,,25,,,,,,,,,,,,,,,,,,,,,,,,,,,10,,,,,3,,14,,,,,,,,,,,,,,,,,,,,,,2,,,4,,,,2,,,,,,,,,,,,,,,,,,,,,2,,,,,4,,,,,1,,5,,,,,,4,19,,,,,,4,,1,,,5,,45,,,,,,,4,2,,,,,,,,6,1,,11,,,,,,,1,1,,,,,,,1,,,,,1,8,,,,,,,,,,,2,,,,,,,,,,,,,1,,,,,,,,,,,,,,,,,,,,4,,1,,,,
4204,EMPD2,Lago Gemini inferiore,Finsinger_a21,44.3858083829471,10.0499384277162,1339,,,sediment,-55,13,"Finsinger W, Heiri O, Valsecchi V, et al (2007) Modern pollen assemblages as climate indicators in southern Europe. Global Ecology and Biogeography 16:567-582",10.1111/j.1466-8238.2007.00313.x,10,,,1,,,,,,1,19,4,,,,,,,,,,,,,,5,,,1,,,,6,,,,,2,,,6,,,,,2,,16,1,,,,,,,,1,,7,,,,,,,,,,,19,,,,,,,,,,,,,1,,,,,,,,,,,,,,127,,,,,1,,3,5,,,,,,,,,,,,,,,,1,,,,,,,,10,,,,,,,,,,,,,,2,,,,,,,,,,,1,,,,,33,,,,,,,1,,,,,,,52,,,,,,5,,,,,1,,53,,,,,,,59,,,2,,,1,,,9,4,,25,,,,,,,,2,,,,,,,1,,,,,10,5,,,,,,,,,,,1,1,,,,,,,,1,,,,,,,,1,1,,,,,,,,,4,,,,,,4,,,,,,
4205,EMPD2,Lago Ghirla,Finsinger_a22,45.9169108370751,8.82307761993759,442,,,sediment,-55,13,"Finsinger W, Heiri O, Valsecchi V, et al (2007) Modern pollen assemblages as climate indicators in southern Europe. Global Ecology and Biogeography 16:567-582",10.1111/j.1466-8238.2007.00313.x,1,,,,,,,,,2,77,,1,,,1,,,,,,,,,,,,,,,,,34,,,,1,3,,,2,,,,,2,,94,2,,,1,,,,,,,,,,,,,,,,,,21,,,,,,,,,,,,,1,,,,,,,,,,,,,,11,,,,,7,,34,,,,,,,,,,,,,,,,,,,,1,,1,,,7,,,,2,,,,,,,,,,,,,,,,,,,,,,,,,,7,,,,,,,7,,,,,,6,17,,,,,,4,,,,,2,,41,,,,,,,9,4,,,,,,,,1,4,,31,,,,,,,,,,,,,,,,,,,,1,17,,4,,,,,,,,,1,,3,,,,,,,,,,,2,,,,,,,,,,,,1,,2,,,,,,7,,,,,1,
4206,EMPD2,Lago Giulianello,Finsinger_a23,41.6905622184478,12.8499861351256,208,,,sediment,-55,4,"Finsinger W, Heiri O, Valsecchi V, et al (2007) Modern pollen assemblages as climate indicators in southern Europe. Global Ecology and Biogeography 16:567-582",10.1111/j.1466-8238.2007.00313.x,,,,1,,,,,,,,3,,,,,,,,,,,,,,,,1,,,,,1,,,,,1,,,,,,,,,1,12,3,,,,,,,1,,,10,,,,,,,,,,,4,,,,,,,,,,,,,,,,,,,,,,,,,,,3,,,,,,,4,1,,,,,,,,,,,,,,,,,,,,,,,,47,,,,,,,,,,,,,,1,,,,,,,,,,,4,,,,,10,,,,,2,,1,,,,,,,11,3,,,,,5,,,,,,,102,,,1,,,,,,,,,1,,,,57,10,,10,,,,,,,,,,,,,,,2,,1,,,3,24,,,,,,,,,,,1,,,,,,,,,,,,,,,,,,,,,,,,,,,7,,,,,,7,,,,,,
4208,EMPD2,Lago Idro,Finsinger_a25,45.7814962735163,10.5117902943771,370,,,sediment,-55,9,"Finsinger W, Heiri O, Valsecchi V, et al (2007) Modern pollen assemblages as climate indicators in southern Europe. Global Ecology and Biogeography 16:567-582",10.1111/j.1466-8238.2007.00313.x,1,3,,,,,,,,4,12,4,,,,,,,,,,,,,,5,,,2,,,,5,,,,,,,,,,,,,5,,32,,,,,,,,,,,1,,,,,,,,,,,33,,,,,,,,,,,,,,,,,,,,,,,,,,,7,,,1,,,,3,11,,,,,,,,,,,,,,,,,,,,,3,,,11,,,,,,,,,,,,,,1,,,,,,,,,,,10,,,,,49,,,,1,,,17,,,,,,,48,,,1,,,4,,1,,,2,,52,,,,,,,4,,,,,,,,,7,7,,10,,1,,,,,1,2,,,,,,,,,,,,1,4,,2,,,,,,,,,1,,,,,,,,,,,,,,,,,,,,,,,,,,1,,,,,,2,23,,,,,,
4209,EMPD2,L. delle Lame,Finsinger_a26,44.5030015770452,9.40917716081863,1043,,,sediment,-55,13,"Finsinger W, Heiri O, Valsecchi V, et al (2007) Modern pollen assemblages as climate indicators in southern Europe. Global Ecology and Biogeography 16:567-582",10.1111/j.1466-8238.2007.00313.x,6,,,1,,,,,,,20,,,,,,,,,,,,,,,1,,,1,,,,1,,,,4,,,,3,,,,,,,5,,,,,,,,,1,,4,,,,,,,,,,,12,,,,,,,,,,,,,,,,,,,,,,,,,,,22,,,,,,,15,2,,,,,,,,,,,,,,,,,,,,,2,,,16,,,,1,,,,,,,,,,,,,,,,,,,,,1,,,,,22,,,,,,,4,,,,,,,237,,,,,,6,,1,,,,,20,,,,,,,8,,,,,,,,,,7,,10,,,,,,,,,,,,,,,,,,,,,1,,,,,,,,,,,,,,,,,,,,,,,,,,,,1,1,,,,,,,,,1,,,,,,,,,,,,
4210,EMPD2,Lago Lauson,Finsinger_a27,45.0463343992846,6.93645208022537,2400,,,sediment,-55,9,"Finsinger W, Heiri O, Valsecchi V, et al (2007) Modern pollen assemblages as climate indicators in southern Europe. Global Ecology and Biogeography 16:567-582",10.1111/j.1466-8238.2007.00313.x,1,1,,4,,,,,,11,,4,,,,1,,,,,,,,,,5,,,1,,1,,4,,,,,1,1,,,,,,,,,3,,,,,,,,,1,,15,7,,2,,,,,,,,,,,11,,,,,,,,,,,,,,,,,,,,,,,,,,,,,,,,2,,,,,,,,1,1,2,,,,,,,,,,,,,,11,,,,9,,,,,,,,,,1,,,,,,,,,,,1,,,,,3,,,,,,,4,,,,,,10,90,,,6,,,4,,,,,,,88,,,,,,,,,,1,,,,,,,2,,4,,7,,,,,,3,,,,,,,1,,2,,,,,,,,,,,,,,,,,,2,,,,,,,,,,,,,,2,,,,,,1,,,,1,,,,,,1,,,,,,
4211,EMPD2,Laguna del Faro (Pantano Grande),Finsinger_a28,38.2686840004918,15.6373603223747,2,,,sediment,-55,4,"Finsinger W, Heiri O, Valsecchi V, et al (2007) Modern pollen assemblages as climate indicators in southern Europe. Global Ecology and Biogeography 16:567-582",10.1111/j.1466-8238.2007.00313.x,,,,4,,,,,2,,10,26,,,,,,,,,,,,,,8,,,2,,,,,,,,,6,,,,,,,,,,6,,,,,,,,,,,,2,,,6,,,,,,,14,,,,,,,,,,,,,,,,,,,,,,,,8,,,2,,,,,,,,2,,,,2,,,,,2,,,,,,,,,,,,,,,99,,,,,,,,,,,,,,2,,,,,,18,,,,,8,,,,,2,,,,,22,,,,,,,,,64,2,,,,,2,,,,,4,,24,,,,,,,,2,,,,,,,,28,38,,2,,,,,,,,,4,,,,,,,,,,,8,2,,2,,,,,,,,,,,,,,,,,,,,,8,,,,,2,,,,,,,,,,,,,10,18,10,10,,,,,,
4212,EMPD2,Lago Laudemio,Finsinger_a29,40.143162466366,15.8368926136657,1481,,,sediment,-55,4,"Finsinger W, Heiri O, Valsecchi V, et al (2007) Modern pollen assemblages as climate indicators in southern Europe. Global Ecology and Biogeography 16:567-582",10.1111/j.1466-8238.2007.00313.x,9,,,,,,,,,,61,4,,,,,,,,,,,,,,8,,,13,,,,,,,,,1,1,,,,,,,,,2,,,,,,,,,,,17,,,,,,,,,,,15,,,2,,,,,,,,,,,,,1,1,,,,,,,,,,28,,,,,,,3,1,,,,,,,,,,,,,,,,,,,,,,,,4,,,,,,,,,,,,,,1,,,,,,,,,,,4,,,,,1,,,,,,,,,,,,,,4,,,,,,2,,,,,,,100,,,3,,,,32,2,,,,,,,,13,1,,6,,,,,,,,,,,,,,,8,,,,,5,2,,,,,,,,,,,,,,,,,,,,,,,,,,,,3,,,,,,,,,,,,,1,,2,1,,,,,,
4213,EMPD2,Lago di San Michele,Finsinger_a30,45.4772768196188,7.88835644223549,240,,,sediment,-55,13,"Finsinger W, Heiri O, Valsecchi V, et al (2007) Modern pollen assemblages as climate indicators in southern Europe. Global Ecology and Biogeography 16:567-582",10.1111/j.1466-8238.2007.00313.x,,,,,,,,,,,126,2,,,,,,,,,,,,,,3,,,,,,,20,,,,,,,,,,,,,1,,41,2,,,,,,,,,,,,,,,,,,,,,23,,,,,,,,,,,,,,,,,,,,,,,,,,,3,,,,,,,7,9,,,,,,,,,2,,,,,,,,,,,,3,,,9,,,,,,,,,,,,,,1,,,,,,,,,,,,,,,,6,,,,,,,3,,,,,,1,6,,,,,,3,,,,,7,,22,,,,,,,,14,,,,,,,,,2,,78,,,,,,,,,,,,,,,,,,,,3,5,,,,,,,,,,,,,,,,,,,,,,,,,,,,,,,,,,,,,,2,,,,,,5,,,,,,
4214,EMPD2,Lago Trearie,Finsinger_a31,37.952065975626,14.8389588117868,1422,,,sediment,-55,4,"Finsinger W, Heiri O, Valsecchi V, et al (2007) Modern pollen assemblages as climate indicators in southern Europe. Global Ecology and Biogeography 16:567-582",10.1111/j.1466-8238.2007.00313.x,,,,1,,,,,,,8,2,,,1,,,,,,,,,,,3,,,24,,,,2,,,,,2,,,,,,,,,2,1,,,,,4,,,,1,,25,2,,,,,,,,,,4,,,,,,,,,,,,,,,,,,,,,,,,,,,2,,,,,,,,,,,,,,,,,,,,,,,,,,,,,,,,10,,,,,,,,,,,,,,,,,,,,1,,,,,5,,,,,1,,,,,2,,,,,,,,,8,,,,49,,7,,,,,,,146,,,1,,,,2,,,,,,,,,16,2,,1,,,,,,,,1,,,,,,,4,,,,,3,2,,1,,,,,,,,,,,,,,,,,,,,,,,,,,,,,,,,,,,,,,,8,,,2,,,,,,
4215,EMPD2,Lago di Martignano,Finsinger_a32,42.1132525103624,12.3157366152355,207,,,sediment,-55,4,"Finsinger W, Heiri O, Valsecchi V, et al (2007) Modern pollen assemblages as climate indicators in southern Europe. Global Ecology and Biogeography 16:567-582",10.1111/j.1466-8238.2007.00313.x,,,,3,,,,,,1,16,9,,,,,,,,,,,,1,,4,,,1,,,,,,,,,1,,1,,,,,,,1,4,,,,,,,,,1,,7,,,,,,2,,,,,12,,,,,,,,,,,,,,,,,1,,,,3,,,,1,,1,,,,,2,,2,2,,,,,,,,,,,,,,,,,,,,,2,,,34,,,,,,,,,,,,,,,,,,,,,,,,,9,,,,,20,,,,,3,,,,,,,,,26,5,,,,,5,,,,,4,,126,,,1,,,,2,4,,1,,,,,,48,38,,30,,,,,,,1,2,,,,,,,,,,,,7,15,,2,,,,,,,,,7,,,,,,,,,,,,,,,,,,,,,,,1,,,,9,,,,3,,7,,,4,,,
4216,EMPD2,Lago di Meugliano,Finsinger_a33,45.4765905061514,7.78983992619272,717,,,sediment,-55,13,"Finsinger W, Heiri O, Valsecchi V, et al (2007) Modern pollen assemblages as climate indicators in southern Europe. Global Ecology and Biogeography 16:567-582",10.1111/j.1466-8238.2007.00313.x,1,1,,,,,,,,3,33,4,3,,,,,,,,,,,,,1,,1,,,,,61,,,,,2,,,2,,,,,2,,48,,1,,,,,,,,,2,,,,,,,,,,,42,,,,,,,,,,,,,,,,,1,,,,,,,,,,5,,,,,2,,19,3,,,,,1,,,,,,,,,,,,,,,,3,,,20,,,,10,,,,,,,,,,,,,,,,,,,,,1,,,,,5,,,,,,,2,,,,,,9,35,,,,,,3,,1,,,,,61,,,,,,,6,2,,1,,1,,,,1,2,,14,,,,,,,,1,,,,,,,,,1,,,4,5,,2,,,,,,,,,,,,,,,,,,,,,,1,,,,,,,1,,,,,,,,,,,,,20,,,,,,
4217,EMPD2,Lago di Mezzano,Finsinger_a34,42.6116497736326,11.7697785898308,440,,,sediment,-55,4,"Finsinger W, Heiri O, Valsecchi V, et al (2007) Modern pollen assemblages as climate indicators in southern Europe. Global Ecology and Biogeography 16:567-582",10.1111/j.1466-8238.2007.00313.x,,1,,3,,,,,2,,43,3,,,,,,,,,,,,,,8,,,,,,,1,,,,,1,,,,,,,,2,1,1,,,,,1,,,1,,,1,,,,,,,,,,,6,,,,,,,,,,,,,,,,,,,,,3,,,,,,2,,,,,,,4,2,,,,,,,,,1,,,,,,,,,,,,,,,35,,,,,,,,,,,,,,,,,,,,,,,,,11,,,,,32,,,,,3,,,,,,,,,10,3,,,,,1,,,,,,,76,,,1,,,,2,1,,,,,,,,44,11,,4,,,,,,,1,2,,,,,,2,,,,,,4,9,,,,,,,,,,,1,,,,,,,,,,,,,,,,,,,,,1,,,,,,2,,,,,,5,,,,,,
4218,EMPD2,Lago di Moncrivello,Finsinger_a35,45.3398659541722,7.99249395299537,259,,,sediment,-55,13,"Finsinger W, Heiri O, Valsecchi V, et al (2007) Modern pollen assemblages as climate indicators in southern Europe. Global Ecology and Biogeography 16:567-582",10.1111/j.1466-8238.2007.00313.x,,,,,,,1,,,2,8,9,1,,,,,,,,,,,,,3,,2,1,,,,1,,,,,3,,,,,,,,,,64,1,,,,,,,,,,1,,,,,,,,,,,9,,,,,,,,,,,,,,,,,,,,,,,,,,,1,,,,,1,,,3,,,,,,,,,3,,,,,,,1,,,,,2,,,4,,,,,,,,,,,,,,,,,,,,,,,,,,,,,,1,,,,,,,,,,,,,2,8,,,,,,7,,,,,2,,46,,,,,,,,5,,1,,,,,,3,,,12,,,,,,,,1,,5,,,,,,,1,,,12,4,,,,,,,,,,,1,,8,,,,,,,,,,,,,,,,,,,,,3,,,,1,,,,,,11,,,,,,
4219,EMPD2,Lago di Montorfano,Finsinger_a36,45.7828112535765,9.13760904832572,396.6,,,sediment,-55,13,"Finsinger W, Heiri O, Valsecchi V, et al (2007) Modern pollen assemblages as climate indicators in southern Europe. Global Ecology and Biogeography 16:567-582",10.1111/j.1466-8238.2007.00313.x,1,,,1,,,,,,3,44,4,3,,,,,,,,,,,,,6,,2,,,,,45,,,,1,,,,1,,,,,1,,73,4,,,3,,,,,1,,1,,,,,,,,,,,21,,,,1,,,,,,,,,1,,,,,,,,,,,,,,3,,,,,,,3,2,,,,,,,,,1,,,,,,,,,,,,3,,,16,,,,1,,,,,,,,1,,1,,,,,,,,,,,,,,,,15,,,,,,,4,,,,,,10,35,,,,,,11,,1,,,3,,111,,,1,,,,3,2,,1,,,,,,1,2,,38,,,,,,,,1,,1,,,1,,1,,,,,17,5,,5,,,,,,,,,5,,,,,,,,,,,,,8,,,,,,,,,,,,,,2,,,,,,13,,,,,,
4220,EMPD2,Lago di Monate,Finsinger_a37,45.7961859302308,8.6629141816482491,266,,,sediment,-55,13,"Finsinger W, Heiri O, Valsecchi V, et al (2007) Modern pollen assemblages as climate indicators in southern Europe. Global Ecology and Biogeography 16:567-582",10.1111/j.1466-8238.2007.00313.x,1,,,,,,,,,13,82,5,,,,1,,,,,,,,,,7,,5,,,,,43,,,,1,1,,,1,,,,,1,1,49,1,,,,,,,,,,1,,,,,,,,,,,24,,,,,,,,,,,,,,,,,,,,,,,,,,,7,,,,,,,11,,,,,,,,,,,,,,,,,,,,,,12,,,14,,,,,,,,,,,,,,1,,,,,,,,,,,1,,,,,6,,,,1,1,,1,,,,,,16,20,,,,,,8,,4,,,1,,137,,,,,,,9,2,,,,,,,,,3,,76,,,,,,,,2,,2,,,1,,2,,7,,,18,9,,4,,,,,,,,,13,,1,1,,,,,,,,,,1,,,,1,,,,,,1,,,,4,,,,,,14,,,,,,
4221,EMPD2,Lago Grande di Monticchio,Finsinger_a38,40.9313631696719,15.604818410507,650,,,sediment,-55,4,"Finsinger W, Heiri O, Valsecchi V, et al (2007) Modern pollen assemblages as climate indicators in southern Europe. Global Ecology and Biogeography 16:567-582",10.1111/j.1466-8238.2007.00313.x,1,,,,,,,,,1,114,5,1,,,1,,,,,,,,,,1,,,1,,,,,,,,,1,,1,1,,,,,2,,30,,,,1,,,,,,,1,,,,,,,,,,,3,,,,,,,,,,,,1,,,,,,,,,,,,1,,,14,,,,,2,,,5,,,,,,,,,2,,,,,,,,,,,,1,,,6,,,,,,,,,,,,,,,,,,,,,,1,,,9,,,,,8,,,,,3,,,,,,,,,6,2,,,,,2,,,,,,,42,,,1,,,,,1,,,1,,,,,55,12,,4,,,,,,,,,,,,,,,,,,,,1,45,,1,,,,,1,,,,,1,,,,,,,,1,,,,,,,,,,,,,,,,,,2,,,1,,,4,,,,,,
4222,EMPD2,Lago di Nemi,Finsinger_a39,41.712136275001,12.702254747557,318,,,sediment,-55,4,"Finsinger W, Heiri O, Valsecchi V, et al (2007) Modern pollen assemblages as climate indicators in southern Europe. Global Ecology and Biogeography 16:567-582",10.1111/j.1466-8238.2007.00313.x,,1,,,,,,,,,4,7,,,,,,,,,,,,,,2,,,2,,,,1,,,,,2,,,,,,,,2,,39,6,,,,,,,,,,2,,,,,,,,,,,15,,,,,,,,,,,,1,,,,,,,,,,,,2,,,3,,,,,2,,,5,,,,,,,,,1,,,,,,,,,,,,1,,,39,,,,,,,1,,,,,,,,,,,,,1,,,,,14,,1,,,22,,,,,3,,,,,,,,,29,2,,,,,3,,,,,2,,37,,,1,,,,,2,,,,,,,,31,29,,13,,,,,,,,,,,,,,,1,,,,,6,3,,3,,,,,,,,,,,,,,,,,,,,,,,,,,1,,,,,,,,,,4,,,1,7,,7,1,,,,,
4223,EMPD2,Lago dell Orgials,Finsinger_a40,44.215877678637,7.13751936855062,2243,,,sediment,-55,9,"Finsinger W, Heiri O, Valsecchi V, et al (2007) Modern pollen assemblages as climate indicators in southern Europe. Global Ecology and Biogeography 16:567-582",10.1111/j.1466-8238.2007.00313.x,3,,,2,,,,,,5,1,1,,,,5,,,,,,,,,,10,,,1,,,,9,,,,,,,,,,,,,,,3,,,,,,,,,,,3,,,,,,,,,,,7,,,,,,,5,,,,,,,,,,,,,,,,,,,,4,,,,,,,3,,,,,,,,,,,,,,,,,,,,,,,,,6,,,,4,,,,,,,,,,,,,,,,,,,,,,,,,,2,,,,,,,1,,,,,,46,174,,,8,,,5,,,,,,,53,,,,,,,3,,,,,,,,,,10,,23,,,,,,,,,,,,,1,,,,,,,,,,,,,,,,,,,,,,,,,,,,,,,,,,,,1,1,,,,,,,,,2,,,,,,2,,,2,1,,
4224,EMPD2,Lago Padule Cerretano,Finsinger_a41,44.2985808132252,10.2167864273587,1187,,,sediment,-55,13,"Finsinger W, Heiri O, Valsecchi V, et al (2007) Modern pollen assemblages as climate indicators in southern Europe. Global Ecology and Biogeography 16:567-582",10.1111/j.1466-8238.2007.00313.x,,,,,,,,,,,44,2,,,,,,,,,,,,,,2,,,,,,,6,,,,1,4,,,2,,,,,,2,8,,,,,,,,,6,,2,2,,,,,,,,,,14,,,,,,,,,,,,,,,,,,,,,2,,,,,,26,,,,,6,,6,,,,,,,,,,,,,,,,,,,,,,,,,26,,,,,,,,,,,,,,,,,,,,,,,,,,,,,,37,,,,,2,,2,,,,,,,36,2,,,,,4,,,,,,,56,,,,,,,80,2,,2,,,,,,26,,,12,,,,,,,,,,,,,,,2,,,,,2,,,,,,,,,,,,,,,,,,,,,,,,,,,,,,,,,,,,,,1,,,,,,,3,,,,,,
4225,EMPD2,Lago di Paterno,Finsinger_a42,42.3823669350174,13.0138969474105,430,,,sediment,-55,13,"Finsinger W, Heiri O, Valsecchi V, et al (2007) Modern pollen assemblages as climate indicators in southern Europe. Global Ecology and Biogeography 16:567-582",10.1111/j.1466-8238.2007.00313.x,1,,,,,,,,,,6,,,,,,,,,,,,,,,1,,,,,,,3,,,,,1,,,,,,,,1,,20,1,,,2,,,,,1,,3,,,,,,1,,,,,23,,,,,,,,,,,,,,,,,,,,,,,,,,,5,,,,,,,3,11,,,,,,,,,3,,,,1,,,,,,,,3,,,35,,,,,,,,,,,,,,1,,,,,,,,,,,14,,,,,42,,,,,6,,,,,,,,,8,3,,,,,2,,1,,,,,33,,,,,,,1,25,,1,,,,,,58,16,,6,,,,,,,,,,,,,,,1,,,,,,6,,2,,,,,,,,,,,,,,,,,,,,,,,,,,1,,,,,,,,,,3,,,,1,,1,,,,,,
4226,EMPD2,Pantano Cuba,Finsinger_a43,36.707097276035,15.0272852330425,2,,,sediment,-55,20,"Finsinger W, Heiri O, Valsecchi V, et al (2007) Modern pollen assemblages as climate indicators in southern Europe. Global Ecology and Biogeography 16:567-582",10.1111/j.1466-8238.2007.00313.x,,,,6,,,,,,,3,90,6,,,,,,,,,,,,,9,,,,,,,,,,,,6,,,,,,,,,,,,,,,,,,,,,6,3,,,,,,,,,,3,,,,,,,,,,,,3,,,,,,,,,,,,,,,,,,,,,,,,,,,,,,,,,,,,,,,,,,,,3,,,84,,,,,,,,,,,,,,,,,,,,,,,,,33,,,,,,,,,,9,,,,,,,,,24,3,,,,,9,,,,,,,45,,,,,,,6,,,6,,,,,,3,3,,12,,,,,,,,,,,,,,,,,,,,,,,,,,,,,,,,,,,,,,,,,,,,,,,,,,,,,,,,,,,,,,,,,,,,,,,
4227,EMPD2,Lago Sfondato,Finsinger_a44,46.0073560559538,8.0869900912189,2422,,,sediment,-55,9,"Finsinger W, Heiri O, Valsecchi V, et al (2007) Modern pollen assemblages as climate indicators in southern Europe. Global Ecology and Biogeography 16:567-582",10.1111/j.1466-8238.2007.00313.x,3,,,3,,,,,,57,10,,,,,,,,,,,,,,,8,,,2,,,,6,,,,,1,,,2,1,,,,,,14,,,,,,,,,,,1,,,,,,,,,,,14,,,,,,,,,,,,,,,,,,,,,,,,,,,4,,,,,,,4,2,,,,,,,,,,,,,2,,,,,,,,1,,,7,,,,4,,,,,,,,,,,,,,,,,,,,,,,,,,3,,,,,,,17,,,,,,,64,,,,,,4,,1,,,,,62,,,,,,,44,,,,,,1,,,2,1,,5,,1,,,,,,,,,,,,,,,,,,3,1,,,,,,,,,,,,,,,,,,,,,,,,,,,,1,1,,,,,,,,,2,,,,,1,4,,,,,,
4228,EMPD2,Lago di Campo,Finsinger_a45,46.1296153700311,8.12961866961645,2293,,,sediment,-55,9,"Finsinger W, Heiri O, Valsecchi V, et al (2007) Modern pollen assemblages as climate indicators in southern Europe. Global Ecology and Biogeography 16:567-582",10.1111/j.1466-8238.2007.00313.x,4,,,1,,,,,,47,20,,1,,,,,,,,,,,,,2,,,1,,,,11,,,,,1,,,4,1,,,,,1,10,,,,,,,,,,,5,1,,,,,,,,,,12,,,5,,,,,,,,,,,,,,,,,,,,,,,,2,,,,,,,5,1,,,,,,,,,,,,,,,,,,,,,2,,,3,,,,4,,,,,,,,,,,,,,,,,,,,,4,,,,,1,,,,,,,20,,,,,,1,57,,,1,,,2,,,,,,,79,,,1,,,,24,,,,,,,,,,1,,13,,,,,,,,2,,,,,,,,,,,,2,4,,,,,,,,,,1,,,,,,,2,,,,,,,,,,,1,,,,,,,,,,,,,,,,2,,,,,,
4229,EMPD2,Lago di Pojala,Finsinger_a46,46.3281605620075,8.33391101024051,2305,,,sediment,-55,9,"Finsinger W, Heiri O, Valsecchi V, et al (2007) Modern pollen assemblages as climate indicators in southern Europe. Global Ecology and Biogeography 16:567-582",10.1111/j.1466-8238.2007.00313.x,1,,,5,,,,,,23,20,1,,,,,,,,,,,,,,3,,,4,,,,13,,,,,,,,,1,,,,,,18,,,,,,,,,,,12,,,,,,,,,,,16,,,1,,,,,,,,,,,,,,,,,,,,,,,,1,,,,,,,2,3,,,,,,,,,,,,,,,,,,,,,,,,4,,,,3,,,,,,,,,,,,,,,,,,,,,,,,,,4,,,,,,,31,,,,,,5,58,,,,,,1,,2,,,,,101,,,,,,,13,,,,,2,,,,,2,,12,,,,,,,,1,,,,,,,1,,,,,4,2,,,,,,,,,,1,,1,,,,,3,,,,,,,,,,,,1,,,,,,,,,1,,,,,,3,,,,,,
4230,EMPD2,Lago Pusiano,Finsinger_a47,45.8039339653764,9.27367485992344,259,,,sediment,-55,13,"Finsinger W, Heiri O, Valsecchi V, et al (2007) Modern pollen assemblages as climate indicators in southern Europe. Global Ecology and Biogeography 16:567-582",10.1111/j.1466-8238.2007.00313.x,1,,,,,,,,,4,36,3,2,,,1,,,,,,,,,,3,,,2,,,,22,,,,,2,,,,,,,,5,,50,3,1,,,,,,,,,,1,,,,,1,,,,,20,,,,,,,,,,,,,,,,,1,,,,,,,,,,5,,,,,,,24,4,,,,,,,,,,,,,,,,,,,,,3,,,24,,,,,,,,,,,,,,,,,,,,,,,,,4,,,,,55,,,,,,,3,,,,,,1,11,,,,,,3,,2,,,13,,60,,,,,,,1,5,,,,2,,,,3,6,,20,,,,,,,,,,1,,,,,1,,,,,8,14,,3,,,,,,,,,,1,,,,,,,,,,,,,,,,1,,,,,,,,,,4,,,,,,21,,,,,,
4231,EMPD2,Lago di Rascino,Finsinger_a48,42.3464787843355,13.1471573941654,1146,,,sediment,-55,13,"Finsinger W, Heiri O, Valsecchi V, et al (2007) Modern pollen assemblages as climate indicators in southern Europe. Global Ecology and Biogeography 16:567-582",10.1111/j.1466-8238.2007.00313.x,,,,2,,,,1,,,6,2,,,,1,,,,,,,,,,4,,,,,,,,,,,,1,,,,,,,,4,9,7,,,,,,,,,2,,10,1,,,,,,,,,,17,,,,,,,,,,,,,,,,,,,,,,,,,,,20,,,,,,,,,,,,,,,,,,,,,,,,,,,,,,,,60,,,,,,,1,,1,,,,,,,2,,,,,,,,,7,,,,,34,,,,,1,,,,,,,,,15,1,,,,,5,,,,,1,,106,,,5,,,,2,6,,,,,,,,23,12,,8,,2,,,,,,3,,,,,,,4,,,,,1,,,,,,,,,,,,1,,1,,,,,,,,,,,,,,,4,1,,,,,,,,,4,,,1,1,,3,,,,,,
4232,EMPD2,Lago di Sant Anna di Vinadio,Finsinger_a49,44.2284137931493,7.10058827882416,2167,,,sediment,-55,9,"Finsinger W, Heiri O, Valsecchi V, et al (2007) Modern pollen assemblages as climate indicators in southern Europe. Global Ecology and Biogeography 16:567-582",10.1111/j.1466-8238.2007.00313.x,4,1,,1,1,,,,,18,6,6,,,,,,,,,,,,,,8,,,2,,,,4,,,,,1,,,,1,,,,,3,8,,,,,,,,,,,5,1,,,,,,,,,,1,,,10,,,,,,1,,,,,,1,,,,,,,,,,,,1,,,,,,,4,,,,,,1,,,,,,,,,,,,,,,,3,,,18,,,,9,,,,,,,,,,,,,,,,,,,,,4,,,,,,,,,,,,7,,,,,,6,139,,,4,,,4,,1,,,,,64,,,,,,,6,,,,,,,,,1,3,,10,,,,,,,,,,,,,,,,,1,,,6,1,,1,,,,,,,,2,,,,,,,,,,,,,,,,,,1,,,,,,,,,,,,,,,1,2,,,,,,
4233,EMPD2,Lago San Puoto,Finsinger_a50,41.2856131757243,13.4085524016563,2,,,sediment,-55,4,"Finsinger W, Heiri O, Valsecchi V, et al (2007) Modern pollen assemblages as climate indicators in southern Europe. Global Ecology and Biogeography 16:567-582",10.1111/j.1466-8238.2007.00313.x,,,,,,,,,,,6,9,,,,,,,,,,,,,,5,,,,,,,,,,,,10,,,,,,,,4,,,,,,,,,,,1,2,,,,,,,,,,,,6,,,,,,,,,,,,,,,,,,,,,,,,4,,,4,,,,,,,,10,,,,,,,,,,,,,,,,,,,,,2,,,22,,,,,,,,,,,,,,,,,,,,,,,,,10,,,,,24,,,,,4,,,,,,,,,28,6,,,,,4,,,,,2,,44,,,2,,,,4,,,,,,,,,40,6,,20,,,,,,,2,2,,,,,,,4,,,,,2,2,,,,,,,,,,,,,2,,,,,,,,,,,,,,,,,,,,,,,,,2,,,,,,23,,,,,,
4234,EMPD2,Lago Scuro Cerretano,Finsinger_a51,44.3029932640058,10.2441049031806,1288,,,sediment,-55,13,"Finsinger W, Heiri O, Valsecchi V, et al (2007) Modern pollen assemblages as climate indicators in southern Europe. Global Ecology and Biogeography 16:567-582",10.1111/j.1466-8238.2007.00313.x,18,,,,,,,,,,16,1,1,,,,,,,2,,,,,,1,,,,,,,4,,,,,5,,,,1,,,,1,,5,,,,,,,,,,,2,,,,,,,,,,,8,,,,,,,,,,,,,,,,,,,,,2,,,,,1,146,,,,,3,,2,4,,,,,,,,,,,,,,,,,,,,,1,,,11,,,,,,,,,,,,,,,,,,,,,,,,,3,,,,,39,,,,,,,,,,,,,,32,,,,,,4,,1,,,1,,60,,,,,,,20,9,,1,,,1,,,12,5,,30,,,,,,,,,,,,,,,3,,,,,2,3,,,,,,,,,,,,,,,,,,,,,,,,,,,,,,,1,,,,,,,,,,,,1,7,,,1,,,
4235,EMPD2,Lago Scuro delle Agoraie (Lame),Finsinger_a52,44.49268400201,9.40425013698781,1200,,,sediment,-55,13,"Finsinger W, Heiri O, Valsecchi V, et al (2007) Modern pollen assemblages as climate indicators in southern Europe. Global Ecology and Biogeography 16:567-582",10.1111/j.1466-8238.2007.00313.x,,,,,,,,,,2,6,2,,,,,,,,,,,,,,2,,,,,,,,,,,14,,,,3,,,,,1,,6,,,,,,,,,,,,,,,,,,,,2,,10,,,,,,,,,,,,,,,,,,,,,2,,,,,,76,,,,,,,,4,,,,,,,,,,,,,,,,,,,,,4,,,8,,,,,,,2,,,,,,,,,,,,,,,,,,2,,,,,16,,,,,,,14,,,,,,,18,,,,,,2,,,,,,,32,,,,,,,196,,,,,,,,,4,,,10,,,,,,,,,,,,,,,18,,,,,6,18,,,,,,,,,,,,,,,,,,,,,,,,,,,,1,,,,,,,,,,,,,,,,4,,,,,,
4236,EMPD2,Lago Scuro - Polverosa,Finsinger_a53,42.5011973821241,11.3105511243015,10,,,sediment,-55,4,"Finsinger W, Heiri O, Valsecchi V, et al (2007) Modern pollen assemblages as climate indicators in southern Europe. Global Ecology and Biogeography 16:567-582",10.1111/j.1466-8238.2007.00313.x,,5,,,,,,,,,4,12,2,,,1,,,,,,,,,,1,,,3,,,,1,,,,,7,,,,,,,,1,1,3,,,,,1,,,3,2,,10,,,,,,,,,,,,,1,,,,,,,,,,,,,,,,,,,5,,,15,,,,,,,,2,,5,6,,,,,,,,,6,,,,,,,,,,,,,,,15,,,,,,,,,,1,,,,2,,,,,,,,,,,4,,2,,,6,,,,1,2,,,,,,,,,11,17,,,,,7,,,,,,,94,,,3,,,,2,1,,,,,,,,31,6,,7,,,,,,,7,9,,,,,,,1,,,,,1,1,,,,,,,,,,,,,1,,,,,,,1,,,,,,,,,,,,,,3,,,,2,,,,,,4,,,,,,
4237,EMPD2,Lago del Segrino,Finsinger_a54,45.8299667955775,9.2670867504215,374,,,sediment,-55,13,"Finsinger W, Heiri O, Valsecchi V, et al (2007) Modern pollen assemblages as climate indicators in southern Europe. Global Ecology and Biogeography 16:567-582",10.1111/j.1466-8238.2007.00313.x,,,,,,,,,,2,9,,1,,,,,,,,,,,,,7,,,,,,,19,,,,1,5,,,,,,,,2,,11,12,,,,,,,,,,1,,,,,,,,,,,23,,,,,,,,,,,,,,,,,,,,,,,,,,,2,,,,,,,22,5,,,,,,,,,,,,,,,,,,,,,4,,,14,,,,1,,,,,,,,,,,,,,,,,,,1,,5,,,,,61,,,,,,,1,,,,,,8,7,,,,,,6,,1,,,,,72,,,,,,,1,,,,,,,,,,1,,16,,,,,,,1,,,,,,,,,,,,,1,3,,2,,,,,,,,,,2,,,,,,,,,,,,4,,,,,,,,,,,,,,2,,,,,,9,,,,1,,
4238,EMPD2,Lago di San Floriano,Finsinger_a55,42.4260138452594,11.3617072852727,11,,,sediment,-55,4,"Finsinger W, Heiri O, Valsecchi V, et al (2007) Modern pollen assemblages as climate indicators in southern Europe. Global Ecology and Biogeography 16:567-582",10.1111/j.1466-8238.2007.00313.x,,,,,,,,,,,2,8,,,,,,,,,,,,,,6,,4,4,,,,,,,,,12,,,,,,,,,,2,,,,,,,,,,,24,,,,,,,,,,,4,,,1,,,,,,,,,,,,,,,,,,2,,,8,,,,,,,2,,,6,12,,,,1,,,,,,,,,,,,,,,,,,,,37,,,,,,,,,,,,,,,,4,,,,,,,,,17,,,,,8,,,,,,,,,,,,,,28,5,,,,,,,,,,,,117,,,,,12,,8,40,,,,,,,,18,31,,2,,,,,,,,,,,,,,,,,,,,6,9,,,,,,,,,,,,,,,,,,,,,,,,,,,,,,,,,,,,,,,,,,,,2,,,,,,
4239,EMPD2,Lago Sirino,Finsinger_a56,40.0926212916501,15.8088595180255,775,,,sediment,-55,4,"Finsinger W, Heiri O, Valsecchi V, et al (2007) Modern pollen assemblages as climate indicators in southern Europe. Global Ecology and Biogeography 16:567-582",10.1111/j.1466-8238.2007.00313.x,,,,,,,,,,1,260,3,,,,,,,,,,,,,,,,,4,,1,,,,,,,,,,2,,,,,,,11,,,,,,,,,2,,6,,,,,,,,,,,4,,,,,,,,,,,,,,,,,,,,,,,,1,,,,,,,,,,1,,,,,,,,,,1,,,,,,,,,,,,3,,,7,,,,,,,,,,,,,,,,,,,,,,,,,6,,,,,4,,,,1,3,,,,,,,,,2,,,,,,1,,,,,,,28,,,,,,,6,1,,,1,,,,,13,7,,10,,,,,,,,,,,,,,,4,,,,,3,9,,2,,,,,,,,,,,,,,,,,,,,,,,,,,1,,,,,,,,,,7,,,,,,3,,,,,,
4240,EMPD2,Lago di Sibolla,Finsinger_a57,43.8248859049436,10.7005586740067,13,,,sediment,-55,4,"Finsinger W, Heiri O, Valsecchi V, et al (2007) Modern pollen assemblages as climate indicators in southern Europe. Global Ecology and Biogeography 16:567-582",10.1111/j.1466-8238.2007.00313.x,,,,,,,,,,,33,1,,12,,,,,,,,,,,,2,,,,,,,2,,,,,,,,,,,,,1,,7,1,,,,,,,,2,,,,,,,,,,,,,4,,,,,,,,,,,,,,,,,,,,,1,,,1,,,1,,,,,5,,1,,,,,,,,,,,,,,,,,,,,,,,,,37,,,,,,,1,,,,,,,,,1,,,,,,,,,2,,,,,14,,,,,,,,,,,,,,54,1,,,,,6,,,,,,,59,,,,,,,4,1,,1,,,,,,15,11,,1,,,,,,,1,,,,,,,,,,,,,3,38,,,,,,,,,,,,,,,,,,,,,,,,,,,,,,,,,,1,,,,6,,,,,1,,,,,,,
4241,EMPD2,Lago Sirio,Finsinger_a58,45.4859944994092,7.88420523525695,271,,,sediment,-55,13,"Finsinger W, Heiri O, Valsecchi V, et al (2007) Modern pollen assemblages as climate indicators in southern Europe. Global Ecology and Biogeography 16:567-582",10.1111/j.1466-8238.2007.00313.x,,,,,,,,,,2,133,,2,,,,,,,,,,,,,3,,,,,,,21,,,,,1,,,,,,,,2,,41,5,3,,,,,,,,,1,,,,,,,,,,,23,,,,,,,,,,,,,,,,,,,,,,,,,,,,,,,,,,20,2,,,,1,,,,,,,,,,,,,,,,,2,,,3,,,,,,,,,,,,,,,,,,,,,,,,,,,,,,4,,,,,,,1,,,,,,10,17,,,,,,1,,,,,3,,25,,,,,,,,2,,,,1,,,,,3,,57,,,,,,,,,,,,,,,,,1,,,7,9,,,,,,,,,,,,,,,,,,,,,,,,,,,,,,,,,,,,,,2,,,,,,1,,,,,,
4242,EMPD2,Lago Santo Parmense,Finsinger_a59,44.4024219682956,10.0074893757354,1507,,,sediment,-55,13,"Finsinger W, Heiri O, Valsecchi V, et al (2007) Modern pollen assemblages as climate indicators in southern Europe. Global Ecology and Biogeography 16:567-582",10.1111/j.1466-8238.2007.00313.x,5,,,,,,2,,,3,28,2,1,,,1,,,,,,,,,,4,,,,,,,4,,,,1,1,,,4,,,,,1,,13,,,,,,,1,,,,,,,,,,,,,,,32,,,,,,,,,,,,,,,,,,,,,,,,,,,68,,,,,,,5,6,,,,,,,,,,,,,,,,,,,,,2,,,21,,,,,,,,,,,,,,,,,,,,,,,,,11,,,,,55,,,,,1,,2,,,,,,,34,1,,,,,4,,1,,,3,,78,,,,,,,68,,,,,1,1,,,3,14,,51,,,,,,,,,,,,,,,,,,,,8,2,,,,,1,,1,,,,1,,1,,,,,,,,,,,,,,,1,1,,,,,,,,,,,,,,,9,,,,,,
4243,EMPD2,Lago di Tovel,Finsinger_a60,46.2610858162433,10.9500088850979,1178,,,sediment,-55,9,"Finsinger W, Heiri O, Valsecchi V, et al (2007) Modern pollen assemblages as climate indicators in southern Europe. Global Ecology and Biogeography 16:567-582",10.1111/j.1466-8238.2007.00313.x,4,,,,,,,,,6,6,4,,,,,,,,,,,,,,,,,,,,,18,,,,,2,,,,,,,,,,4,,,,,,,,,,,2,,,,,,,,,,,14,,,,,,,,,,,,,,,,,,,,,,,,,,,10,,,,,,,1,,,,,,,,,,,,,,,,,,,,,,,,,8,,,,23,,,,,,,,,,,,,,,,,,,,,,,,,,62,,,,,,,52,,,,,,10,120,,,,,,4,,,,,1,,38,,,,,,,4,,,,,,,,,,,,6,,,,,,,,,,,,,,,,,,,,8,4,,,,,,,,,,,,,,,,,,,,1,,,,,,,,4,,,,,,,,,,2,,,,,,12,,,,,,
4244,EMPD2,Urio Quattrocchi,Finsinger_a61,37.9011937152954,14.3959466321944,1044,,,sediment,-55,4,"Finsinger W, Heiri O, Valsecchi V, et al (2007) Modern pollen assemblages as climate indicators in southern Europe. Global Ecology and Biogeography 16:567-582",10.1111/j.1466-8238.2007.00313.x,,3,,9,,,,,,,,6,,,,,,,,,,,,,,4,,,3,,,,,,,,,2,,,,,,,,,,,,,,,,,,,,,9,,,,,,,,,,,,,,,,,,,,,,,,,,,,,,,,,,,,,,,,,,,3,,,4,,,,,,,,,,,,,,,,,,,,,,,,5,,,,,,,,,,,,,,,,,,,,,,,,,3,,,,,,,,,,12,,,,,,,,,,,,,12,,6,,,,,,,187,,,,,,,,1,,,,,,,,9,2,,3,,,,,,,,,,,,,,,3,,,,,,,,,,,,,,,,,,,,,,,,,,,,,,,,,,14,,,,,,,,,,3,,,47,,3,,,,,,,
4245,EMPD2,Lago di Varsi,Finsinger_a62,44.664125646107,9.85219394908922,430,,,sediment,-55,13,"Finsinger W, Heiri O, Valsecchi V, et al (2007) Modern pollen assemblages as climate indicators in southern Europe. Global Ecology and Biogeography 16:567-582",10.1111/j.1466-8238.2007.00313.x,,,,,,,,,,,2,3,1,,,,,,,,,,,,,4,,1,1,,,,2,,,,,1,,,,,,,,,,16,1,,,,,,,,,,3,,,,,,,,,,1,17,,,,,,,,,,,,,,,,,,,,,,,,,,,14,,,,,,,5,3,,,,,,,,,,,,,,,,,,,1,,5,,,18,,,,,,,,,,,,,,,,,,,,,,,,,,,,1,,47,,,,,,,1,,,,,,,8,,,,,,14,,,,,3,,155,,,,,,,2,132,,,,,,,,4,6,,50,,,,,,,,1,,,,,1,,1,,,,,3,33,,1,,,,,,,,,,,,,,,,,,,,1,,3,,,,1,,,,,,1,,,,4,,,,,,9,,,,,,
4246,EMPD2,Lago di Varese,Finsinger_a63,45.8159037342094,8.73309247320539,238,,,sediment,-55,13,"Finsinger W, Heiri O, Valsecchi V, et al (2007) Modern pollen assemblages as climate indicators in southern Europe. Global Ecology and Biogeography 16:567-582",10.1111/j.1466-8238.2007.00313.x,,,,,,,,,,2,56,1,4,,,,,,,,,,,,,3,,,,,,,15,,,,,,,,1,,,,,,,38,5,,,,,,,,,,,,,,,,,,,,,18,,,,,,,,,,,,,,,,,,,,,,,,,,,7,,,,,,,21,,,,,,,,,,,,,,,,,,,,,,1,,,15,,,,1,,,,,,,,,,,,,,,,,,,,,1,,,,,4,,,,,,,8,,,,,,5,39,,,,,,2,,,,,1,,36,,,,,,,,4,,,,,,,,2,4,,29,,,,,,,,,,,,,,1,,,,,,8,6,,2,,,,,,,,,,,,,,,,,,,,,,3,,,,1,,,,,,,,,,2,,,,,,5,,,,,,
4247,EMPD2,Lago di Ventina,Finsinger_a64,42.5087587834978,12.7530855005883,370,,,sediment,-55,13,"Finsinger W, Heiri O, Valsecchi V, et al (2007) Modern pollen assemblages as climate indicators in southern Europe. Global Ecology and Biogeography 16:567-582",10.1111/j.1466-8238.2007.00313.x,,1,,,,,,,,,3,,,,,,,,,,,,,,,1,,,1,,,,2,,,,,6,,,2,,,,,5,1,9,1,,,,,,,,1,,,,,,,,1,,,,,14,,,,,,,,,,,,,,,,,,,,,5,,,,,,5,,,,,1,,2,7,,,,,,,,,,,,,,,,,,,,,2,,,49,,,,,,,1,,2,,,,,,,,,,,,,,,,18,,,,,59,,,,,1,,,,,,,,,17,1,,,,,2,,1,,,1,,73,,,,,,,2,3,,,,,,,,41,51,,45,,,,,,,,2,1,,,,,,,,,,,2,12,,,,,,,,,,,,,,,,,,,,,,,,,,,,3,,,,,,,,,,6,,,,,,5,,,,,,
4248,EMPD2,Lago Verde del Passo del Brattello,Finsinger_a65,44.4091349043191,9.7968056030377,1055,,,sediment,-55,13,"Finsinger W, Heiri O, Valsecchi V, et al (2007) Modern pollen assemblages as climate indicators in southern Europe. Global Ecology and Biogeography 16:567-582",10.1111/j.1466-8238.2007.00313.x,,3,,,,,,,,2,118,1,1,,,,,,,,,,,,,1,,1,3,,,,,,,,,1,,,3,,,,,2,2,89,,1,,1,,,,,,,9,,,,,,,,,,,20,,,,,,,,,,,,,,,,,,,,,7,,,,,,28,,,,,,,,,,,,,,,,,,,,,,,,,,,,,1,,,21,,,,,,,,,,,,,,,,,,,,,,,,,2,,,,,31,,,,,,,,,,,,,,30,,,,,,7,,3,,,2,,103,,,2,,,,17,1,,,,1,,,,8,6,,20,,,,,,,,2,,,,,,,3,,2,,,7,1,,1,,,,,,,,,,,,,,,2,,,,,,,,,,,,,,,,,2,,,,2,,,,,,3,,,1,,,
4249,EMPD2,Lago di Vico,Finsinger_a66,42.3187826674347,12.1745680918439,507,,,sediment,-55,4,"Finsinger W, Heiri O, Valsecchi V, et al (2007) Modern pollen assemblages as climate indicators in southern Europe. Global Ecology and Biogeography 16:567-582",10.1111/j.1466-8238.2007.00313.x,,,,,,,,,,,12,2,,,,,,,,,,,,,,9,,,,,,,4,,,,,1,,,,,,,,5,2,10,2,1,,,,,,,1,,1,,,,,,,,,,,60,,,,,,,,,,,,,,,,,,,,,,,,,,,15,,,,,1,,2,7,,,,,,,,,1,,,,,,,,,,,,,,,25,,,,,,,,,,,,,,,,,,,,2,,,,,7,,1,,,16,,,,,1,,1,,,,,,,11,1,,,,,1,,,,,,,71,,,,,,,1,,,,,,,,,58,21,,12,,,,,,,,,,,,,,,,,,,,5,6,,1,,,,,,,,,,,,,,,,,,,,,,,,,,1,1,,,,,,,,1,4,,,2,,4,9,,,,,,
4250,EMPD2,Lago Viverone,Finsinger_a67,45.4132598406388,8.03689647494154,230,,,sediment,-55,13,"Finsinger W, Heiri O, Valsecchi V, et al (2007) Modern pollen assemblages as climate indicators in southern Europe. Global Ecology and Biogeography 16:567-582",10.1111/j.1466-8238.2007.00313.x,2,,,1,,,,,,4,74,4,9,,,,,,,,,,,,,2,,4,,,,,22,,,,,,,,1,,,,,6,,13,1,,,,,,,,,,,,,,,,,,,,,20,,,,2,,,,,,,,,,,,,,,,,,,,,,,4,,,,,,,6,2,,,,,,,,,,,,,,,,,,,,,1,,,11,,,,4,,,,,,,,,,,,,,,,1,,,,,5,,,,,12,,,,,,,6,,,,,,5,31,,,,,,5,,,,,1,,31,,,,,,,1,1,,,,,,,,12,6,,35,,,,,,,,,,,,,,,,,2,,,20,15,,,,,,,,,,,,,,,,,,,,,,,,,,,,,,,,,,,,,,1,,,,,,8,,,1,,,
4251,EMPD2,Moregna,Finsinger_a68,46.2665545471944,11.6380874752454,2058,,,sediment,-55,9,"Finsinger W, Heiri O, Valsecchi V, et al (2007) Modern pollen assemblages as climate indicators in southern Europe. Global Ecology and Biogeography 16:567-582",10.1111/j.1466-8238.2007.00313.x,2,,,1,,,,,,172,5,,,,,,,,,,,,,,,2,,,3,,1,,6,,,,,3,,,,1,,,,,,2,,,,,,,,,,,8,2,,,,,,,,,,9,,,1,,,,,,,,,,,,3,,,,,,,,,,,,6,,,,,,,,2,,,,,,,,,,,,,,,,,,,,,,,,1,,,,4,,,,,,,,,,,,,,,,,,,,,,,,,,3,,,,2,,,47,,,,,,8,48,,,,,,1,,,,,,,30,,,,,,,180,,,,,,,,,,,,5,,,,,,,,,,,,,,,1,,,,,1,,,,,,,,,,,,,,,,,,,,,,,,,,,,,1,,,,,,,,,,1,,,,,1,,,,,,,
4252,EMPD2,Buse,Finsinger_a69,46.1791239311463,11.3244124759024,2059,,,sediment,-55,9,"Finsinger W, Heiri O, Valsecchi V, et al (2007) Modern pollen assemblages as climate indicators in southern Europe. Global Ecology and Biogeography 16:567-582",10.1111/j.1466-8238.2007.00313.x,2,1,,,,,,,,46,5,2,1,,,,,,,,,,,,,4,,,1,,,,4,,,,,4,,,,,,,,,,20,1,,,,,,,,1,,1,2,,,,,,,,,,23,,,,,,,,,,,,,,,1,,,,,,,,,,,,7,,,,,,,,10,,,,,,,,,,,,,,,,,,,,,2,,,,,,,,,,,,,,,,,,,,,,,,,,,,,,,,,2,,,,,,,60,,,,,,6,84,,,,,,10,,,,,,,32,,,,,,,8,,,,,,,,,,,,9,,,,,,,,,,,,,,,,,,,,2,1,,,,,,,,,,,,,,,,,,,,,,,,,,,,,,,,,,,,,,1,,,,,,,,,,,,
4253,EMPD2,Stellune,Finsinger_a70,46.1962881833128,11.4987863077811,2099,,,sediment,-55,9,"Finsinger W, Heiri O, Valsecchi V, et al (2007) Modern pollen assemblages as climate indicators in southern Europe. Global Ecology and Biogeography 16:567-582",10.1111/j.1466-8238.2007.00313.x,4,,,,,,,,,61,2,2,,,,,,,,,,,,,,3,,,1,,,,2,,,,,3,,,2,,,,,1,,13,,,,,,,1,,,,4,,,,,,,,,,,21,,,1,,,,,,,,,,,,,,1,,,,,,,,,,5,,,,,,,2,5,,,,,,,,,,,,,,,,,,,,,,,,2,,,,10,,,,,,,,,,,,,,,,,,,,,1,,,,,11,,,,1,,,57,,,,,,36,84,,,,,,5,,,,,,,35,,,,,,,10,,,,,,1,,,,,,9,,,,,,,,,,,,,,,,,,,,2,2,,2,,,,,,,,,,,,,,,,,,,,,,,,,,1,,,,,,,,,,,,,,,2,,,,,,,
4254,EMPD2,Trote,Finsinger_a71,46.2621761101444,11.6257702230682,2100,,,sediment,-55,9,"Finsinger W, Heiri O, Valsecchi V, et al (2007) Modern pollen assemblages as climate indicators in southern Europe. Global Ecology and Biogeography 16:567-582",10.1111/j.1466-8238.2007.00313.x,3,,,,,,,,,86,2,1,,,,,,,,,,,,,,,,,2,,,,,,,,,,,,,,,,,2,1,2,,,,,,,,,,,9,1,,,,,,,,,,4,,,,,,,,,,,,,,,,,1,,,,,,,,,,6,,,,,,,,,,,,,,,,,,,,,,,,,,,,,,,,,,,,2,,,,,,,,,,1,,,,,,,,,,,,,,,,1,,,,,,,36,,1,,,,4,32,,,,,,2,,,,,,,22,,,,,,1,177,,,,,,,,,,,,,,,,,,,,,,,,,,,1,,,,,3,1,,,,,,,,,,,,,,,,,,,,,,,,,,,,,,,,,,,,,,,,,,,1,,,,,,,
4255,EMPD2,Lusia III,Finsinger_a72,46.3495824820906,11.7401853557203,2381,,,sediment,-55,9,"Finsinger W, Heiri O, Valsecchi V, et al (2007) Modern pollen assemblages as climate indicators in southern Europe. Global Ecology and Biogeography 16:567-582",10.1111/j.1466-8238.2007.00313.x,1,,,,,,,,,29,6,2,,,,,,,,,,,,,,3,,,1,,,,5,,,,,,,,,4,,,,,1,3,,,,,,,,,,,12,,,,,,,,,,,10,,,3,,,,,,,,,,,,,,,,,,,,,,,,5,,,,,,,,1,,,,,,,,,,,,,,,,,,,,,,,,,,,,4,,,,,,,,,,,,,,,,,,,,,1,,,,,5,,,,,,,46,,,,,,8,53,,,,,,,,,,,,,96,,,,,,,15,,,,,,,,,2,2,,4,,,,,,,,,,,,,,,1,,,,,,1,,,,,,,,,,,,,,,,,3,,,,,,,,,,,,,,,,,,,,,,,,,,,,,,,,,
4256,EMPD2,Cece,Finsinger_a73,46.2808038617962,11.6697832212583,1881,,,sediment,-55,9,"Finsinger W, Heiri O, Valsecchi V, et al (2007) Modern pollen assemblages as climate indicators in southern Europe. Global Ecology and Biogeography 16:567-582",10.1111/j.1466-8238.2007.00313.x,1,,,,,,,,,156,1,1,,,,,,,,,,,,,,1,,,3,,,,4,,,,,4,,,1,,,,,,,7,,,,,,,,,1,,1,,,,,,,,,,,8,,,1,,,,,,,,,,,,,,,,,,,,,1,,,9,,,,,,,,1,,,,,,,,,,,,,,,,,,,,,,,,1,,,,8,,,,,,,,,,,,,,,,,,,,,,,,,,3,,,,1,,,49,,,,,,3,45,,,,,,,,,,,,,20,,,,,,,138,,1,,,,,,,,,,11,,,,,,,,,,,,,,,1,,,,,,1,,,,,,,,,,,,,,,,,,,,,,,,,,,,1,1,,,,,,,,,,,,,,,,,,,,,
4257,EMPD2,Lungo,Finsinger_a74,46.430222421849,10.6843410106956,2550,,,sediment,-55,9,"Finsinger W, Heiri O, Valsecchi V, et al (2007) Modern pollen assemblages as climate indicators in southern Europe. Global Ecology and Biogeography 16:567-582",10.1111/j.1466-8238.2007.00313.x,,2,,1,,,,,,71,10,,,,,,,,,,,,,,,12,,,,,,,10,,,,,1,,,,,,,,,1,6,,,,,,,,,,,8,1,,,,,,,,,,12,,,2,,,,,,,,,,,,,,,,,,,,,,,,2,,,,,,,2,2,,,,,,,,,,,,,,,,,,,,,1,,,6,,,,6,,,,,,,,,,,,,,,,,,,,,,,,,,,,,,,,,40,,,,,,19,85,,,,,,6,,,,,,,131,,,,,,,22,,,,,,,,,,,,6,,,,,,,,,,,,,,,,,,,,1,2,,,,,,,,,,,,,,,,,,,,,,,,,,,,1,,,,,,,,,,,,,,,,,,,,,,
4258,EMPD2,Lavarone,Finsinger_a75,45.9364500786046,11.2530876275276,1114,,,sediment,-55,9,"Finsinger W, Heiri O, Valsecchi V, et al (2007) Modern pollen assemblages as climate indicators in southern Europe. Global Ecology and Biogeography 16:567-582",10.1111/j.1466-8238.2007.00313.x,4,,,,,,,,,2,9,1,1,,,,,,,,,,,,,2,,,,,,,5,,,,,,,,,,,,,1,,6,,,,,,,,,1,,,,,,,,,,,,,20,,,1,,,,,,,,,1,,,,,,,,,,,,,,,27,,,,,1,,2,11,,,,,,,,,1,,,,,,,,,,,,1,,,9,,,,3,,,,,,,,,,,,,,,,,,,,,1,,,,,76,,,,,,,27,,,,,,1,31,,,,,,5,,,,,,,57,,,,,,,2,1,,,,,,,,2,2,,19,,,,,,,,,,,,,,,,,,,,3,,,3,,,,,,,,,,,,,,,,,,,,,,,,,,2,,,,,,,,,,1,,,,,,9,,,,,,
4259,EMPD2,Caldonazzo,Finsinger_a76,46.018738840962,11.2436779723893,449,,,sediment,-55,9,"Finsinger W, Heiri O, Valsecchi V, et al (2007) Modern pollen assemblages as climate indicators in southern Europe. Global Ecology and Biogeography 16:567-582",10.1111/j.1466-8238.2007.00313.x,2,,,,,,,,,3,34,2,1,,,,,,,,,,,,,5,,,,,,,22,,,,,,,,,,,,,2,,23,2,,,,,,,,,,2,1,,,,,,,,,,18,,,,,,,,,,,,,,,,,,,,,,,,,,,4,,,,,,,3,8,,,,,,,,,1,,,,,,,,,,,,4,,,11,,,,8,,,,,,,,,,,,,,,,,,,,,1,,,,,37,,,,,,,16,,,,,,,30,,,,,,5,,,,,2,,44,,,1,,,,,3,,,,,,,,3,,,21,,,,,,,,,,1,,,,,1,,1,,,4,8,,,,,,,,,,,,,,,,,,1,,,,,,,,,,,,,,,,,,,,2,,,,,,10,,,,,,
4260,EMPD2,Lago Santo (Cembra),Finsinger_a77,46.1960023650838,11.2085683310118,1194,,,sediment,-55,9,"Finsinger W, Heiri O, Valsecchi V, et al (2007) Modern pollen assemblages as climate indicators in southern Europe. Global Ecology and Biogeography 16:567-582",10.1111/j.1466-8238.2007.00313.x,26,,,,,,,,,2,14,1,,,,,,,,,,,,,,2,,,,,,,27,,,,,,,,1,,,,,,,5,,,,,,,,,1,,,,,,,,,,,,,10,,,,,,,,,,,,1,,,1,,,,,,,,,,,,36,,,,,,,1,8,,,,,,,,,,,,,,,,,,,,,2,,,7,,,,3,,,,,,,,,,,,,,,,,,,,,2,,,,,44,,,,,,,27,,,,,,13,65,,,,,,3,,,,,,,24,,,,,,,3,,,,,,,,,,2,,24,,,,,,,,,,,,,,,,,,,,2,2,,,,,,,,,,,,,,,,,,,,1,,,,,,,,1,,,,,,,,,,1,,,,,,5,,,,,,
4261,EMPD2,Lago di Lases,Finsinger_a78,46.139707476308,11.2214509708585,632,,,sediment,-55,9,"Finsinger W, Heiri O, Valsecchi V, et al (2007) Modern pollen assemblages as climate indicators in southern Europe. Global Ecology and Biogeography 16:567-582",10.1111/j.1466-8238.2007.00313.x,4,2,,,,1,,,,3,10,2,,,,,,,,,,,,,,5,,,1,,,,7,,,,,1,,,,,,,,1,,51,2,,,,,,,,,,,,,,,,,,,,,22,,,,,,,,,,,,,,,,,,,,,,,,,,,15,,,,,3,,1,18,,,,1,,,,,,,,,,,,,,,,,3,,,10,,,,8,,,,,,,,,,,,,,,,,,,,,1,,,,,99,,,,,,,22,,,,,,17,69,,,1,,,3,,1,,,2,,38,,,,,,,1,7,,,,1,,,,,1,,18,,,,,,,,1,,,,,,,,,1,,,,10,,,,,,,,,,,,,,,,,,1,,,,,,,,,,,1,,,,,,,,,,,,,,,7,,,,,,
4262,EMPD2,Lago Colbricon superiore,Finsinger_a79,46.2816374160179,11.7653598868013,1926,,,sediment,-55,9,"Finsinger W, Heiri O, Valsecchi V, et al (2007) Modern pollen assemblages as climate indicators in southern Europe. Global Ecology and Biogeography 16:567-582",10.1111/j.1466-8238.2007.00313.x,4,1,,3,,,,,,130,1,2,,,,,,,,,1,,,,,5,,,2,,,,6,,,,,,,,,,,,,1,,3,,,,,,,,,,,2,,,,,,,,,,,6,,,,,,,,,,,,,,,1,,,,,,,,,,,,5,,,,,2,,2,1,,,,,,,,,1,,,,,,,,,,,,1,,,5,,1,,3,,,,,,,,,,,,,,,,,,,,,2,,,,,12,,,,,,,45,,,,,,18,15,,,,,,1,,1,,,,,45,,,,,,,174,,,,,,,,,1,,,8,,,,,,,,,,,,,,,2,,,,,,1,,1,,,,,,,,,,,,,,,,,,,,,,,,,,,,,,,,,,,,,,,1,,7,7,,,,,,
4263,EMPD2,Lago Colbricon inferiore,Finsinger_a80,46.2837716116513,11.7656114485156,1909,,,sediment,-55,9,"Finsinger W, Heiri O, Valsecchi V, et al (2007) Modern pollen assemblages as climate indicators in southern Europe. Global Ecology and Biogeography 16:567-582",10.1111/j.1466-8238.2007.00313.x,2,,,,,,,,,67,5,,,,,1,,,,,,,,,,1,,,1,,,,3,,,,1,,,,1,,,,,,,6,,,,,,,,,1,,4,,,,,,,,,,,7,,,,,,,,,,,,,,,,,,,,,,,,,,,6,,,,,,,1,3,,,,,,,,,,,,,,,,,,,,,1,,,10,,1,,10,,,,,,,,,,,,,,,,,,,,,1,,,,,35,,,,,,,68,,,,,,12,91,,,,,,4,,,,,,,47,,,,,,,33,,,,,,,,,1,1,,6,,,,,,,,,,,,,,,,,,,,3,2,,,1,,,,,,,,,,,,,,,,,,,,,,,,,,,,,,,,,,,2,,,1,,2,9,,,,,,
4264,EMPD2,Lago Fedaia,Finsinger_a81,46.454808232715,11.8843633207301,2028,,,sediment,-55,9,"Finsinger W, Heiri O, Valsecchi V, et al (2007) Modern pollen assemblages as climate indicators in southern Europe. Global Ecology and Biogeography 16:567-582",10.1111/j.1466-8238.2007.00313.x,2,,,,1,,,,,111,1,,,,,2,,,,,,,,,,,,,2,,,,1,,,,,,,,,,,,,,1,3,,,,,,,,,,,5,,,,,,,,,,,4,,,2,,,,,,,,,,,,,,,,,,,,,,,,3,,,,,,,,3,,,,,,,,,,,,,,,,,,,,,,,,4,,,,7,,,,,,,,,,,,,,,,,,,,,,,,,,8,,,,,,,71,,,,,,19,59,,,,,,,,,,,,,74,,,,,,,9,,,,,,,,,,1,,3,,,,,,,,1,,,,,,,,,,,,1,1,,,,,,,,,,,,,,,,,,,,,,,,,,,,,,,,,,,,,,,,,2,,1,,,,,,,
4265,EMPD2,Lago di Cei,Finsinger_a82,45.9508096891787,11.0196839869394,918,,,sediment,-55,9,"Finsinger W, Heiri O, Valsecchi V, et al (2007) Modern pollen assemblages as climate indicators in southern Europe. Global Ecology and Biogeography 16:567-582",10.1111/j.1466-8238.2007.00313.x,,,,,1,,,,,3,8,6,,,,1,,,,,,,,,,4,,,,,,,10,,,,,1,,,1,,,,,2,,6,1,,,,,,,,,,2,,,,,,,,,,,28,,,,,,,,,,,,,,,,,,,,,,,,,,,26,,,,,1,,1,15,,,,,,,,,,,,,,,,,,,,,2,,,9,,,,3,,,,,,,,,,,,,,,,,,,,,2,,1,,,70,,,,,,,49,,,,,,5,55,,,,,,3,,,,,2,,35,,,,,,,3,,,,,1,,,,,5,,12,,,,,,,,,,,,,,,1,,,,,3,8,,,,,,,,,,,,1,,,,,,,,,,,,,,,,,,,,,,1,,,,3,,,,,1,8,,,,,,
4266,EMPD2,Lagolo,Finsinger_a83,46.0405934786338,11.00590068558,929,,,sediment,-55,9,"Finsinger W, Heiri O, Valsecchi V, et al (2007) Modern pollen assemblages as climate indicators in southern Europe. Global Ecology and Biogeography 16:567-582",10.1111/j.1466-8238.2007.00313.x,6,1,,,,,,,,3,7,1,1,,,,,,,,,,,,,6,,,,,,,12,,,,,,,,,,,,,2,,5,,,,,,,,,1,,3,,,,,,,,,,,11,,,,,,,,,,,,,,,,,,,,,,,,,,,35,,,,,,,,9,,,,,,,,,1,,,,,,,,,,,,,,,18,,,,4,,,,,,,,,,,,,,,,,,,,,1,,,,,44,,,,,,,15,,,,,,15,56,,,,,,5,,,,,,,61,,,,,,,7,4,,,,,,,,4,,,15,,,,,,,,2,,,,,,,,,,,,5,2,,,,,,,,,,,1,,,,,,,,,,,,,,,,,,1,,,1,,,,,,,,,,,1,8,,,,,,
4267,EMPD2,Lago Lamar,Finsinger_a84,46.1305956294986,11.0635784817612,714,,,sediment,-55,9,"Finsinger W, Heiri O, Valsecchi V, et al (2007) Modern pollen assemblages as climate indicators in southern Europe. Global Ecology and Biogeography 16:567-582",10.1111/j.1466-8238.2007.00313.x,2,4,,1,,,,,,1,8,2,1,,,,,,,,,,,,,3,,,1,,,,4,,,,,1,,,,,,,,1,,17,,,,1,,,,,1,,,,,,,,,,,,,16,,,,,,,,,,,,,,,,,,,,,,,,,,,20,,,1,,3,,8,23,,,,,,,,,4,1,,,,,,,,,,,1,,,14,,,,1,,,,,,,,,,,,,,1,,,,,,,1,,,,,84,,,,,,,7,,,,,,8,32,,,,,,4,,1,,,3,,33,,,,,,,,1,,1,,,,,,,4,,9,,,,,,,,,,,,,,,1,,,,,3,4,,3,,,,,,,,,1,,,,,,,,,,,,,,,1,,,,,,,,,,,,2,,,,,,12,,,,,,
4268,EMPD2,Lago Santo Terlago,Finsinger_a85,46.1247611036377,11.0588159079051,713,,,sediment,-55,9,"Finsinger W, Heiri O, Valsecchi V, et al (2007) Modern pollen assemblages as climate indicators in southern Europe. Global Ecology and Biogeography 16:567-582",10.1111/j.1466-8238.2007.00313.x,2,,,,,,,,,3,5,2,1,,,,,,1,,,,,,,2,,,,,,,8,,,,,,,,,,,,,1,,6,1,,,1,,,,,,,,,,,,,,,,,,25,,,,,,,,,,,,,,,,,,,,,,,,,,,16,,,,,1,,1,13,,,,,,,,,,1,,,,,,,,,,,,,,13,,1,,5,,,,,,,,,,,,,,2,,,,,,,,,,,,85,,,,,,,22,,,,,,6,68,,,,,,3,,1,,,2,,41,,,,,,,1,1,,,,1,,,,1,2,,12,,,,,,,2,,,,,,,,,,,,,,3,,3,,,,,,,,,,,,,,,,,,,,,,,,,,1,,,,,,,,,,1,,,,,1,12,,,,,,
4269,EMPD2,Lago Cornisello superiore,Finsinger_a86,46.2214900714558,10.7262480644848,2112,,,sediment,-55,9,"Finsinger W, Heiri O, Valsecchi V, et al (2007) Modern pollen assemblages as climate indicators in southern Europe. Global Ecology and Biogeography 16:567-582",10.1111/j.1466-8238.2007.00313.x,5,1,,,,,,,,123,,,,,,1,,,,,,,,,,3,,,3,,,,10,,,,,,1,,,3,,,,,,12,,,,,,,,,,,5,2,,,,,,,,,,15,,,2,,,,1,,,,,,,,3,,,,,,,,,,,,12,,,,,,,3,3,,,,,,,,,,,,,,,,,,,,,1,,,3,,,,5,,,,,,,,,,,,,,,,,,,,,1,,,,,16,,,,,,,73,,,,,,6,54,,,,,,,,,,,,,55,,,,,,2,64,,,,,,,,,,1,,7,,,,,,,,,,,,,,,1,,,,,2,,,1,,,,,,,,,,1,,1,,,,,,,,,,,,,,,2,,,,,,,,,1,,,2,,1,3,,,,,,
4270,EMPD2,Lago Cornisello inferiore,Finsinger_a87,46.2208352188486,10.733834939372,2083,,,sediment,-55,9,"Finsinger W, Heiri O, Valsecchi V, et al (2007) Modern pollen assemblages as climate indicators in southern Europe. Global Ecology and Biogeography 16:567-582",10.1111/j.1466-8238.2007.00313.x,6,,,,,,,,,172,5,4,,,,,,,,,,,,,,7,,,6,,,,1,,,,,,1,,,2,,,,,1,3,,,,,,,,,,,3,1,,,,,,,,,,9,,,1,,,,,,,,,,,,2,,,,,,,,,,,,3,,,,,,,3,1,,,,1,,,,,,2,,,,,,,,,,,,,,3,,,,1,,,,,,,,,,,,,,,,,,,,,,,,,,1,,,,,,,36,,,,,,,104,,,,,,2,,,,,,,52,,,,,,,45,,,,,,,,,,,,2,,,,,,,,1,,,,,,1,,,,,,2,2,,,,,,,,,,,,,,,,,,,,,,,,,,,,,2,,,,,,,,,1,,,,,2,,,,,,,
4271,EMPD2,Lago di Valdurna,Finsinger_a88,46.7427261873703,11.4454433557741,1542,,,sediment,-55,15,"Finsinger W, Heiri O, Valsecchi V, et al (2007) Modern pollen assemblages as climate indicators in southern Europe. Global Ecology and Biogeography 16:567-582",10.1111/j.1466-8238.2007.00313.x,,,,,,,,,,64,3,,,,,,,,,,,,,,,3,,,2,,,,6,,,,,,,,12,2,,,,,,4,1,,,,,,,,1,,7,,,,,,,,,,,3,,,,,,,,,,,,,,,,,,,,,,,,,,,3,,,,,,,2,2,,,,,,,,,,,,,,,,,,,,,1,,,3,,,,5,,,,,,,,,,,,,,,,,,,,,2,,,,,6,,,,1,,,41,,,,,,25,63,,,,,,,,,,,1,,79,,,,,,,60,2,,2,,,,,,2,1,,8,,,,,,,,3,,,,,,,,,2,,,6,,,,,,,,,,,,,1,,,,,,,,,,,,,,,,,1,,,,,,,,,1,,,2,,2,4,,,,,,
4272,EMPD2,Lago Monticolo Grande,Finsinger_a89,46.4246378948167,11.2907369275901,489,,,sediment,-55,9,"Finsinger W, Heiri O, Valsecchi V, et al (2007) Modern pollen assemblages as climate indicators in southern Europe. Global Ecology and Biogeography 16:567-582",10.1111/j.1466-8238.2007.00313.x,2,,,,,,,,,2,9,1,1,,,,,,,,,,,,,1,,,,,,,16,,,,,,,,,,,,,1,,85,1,,,,,,,,,,2,,,,,,,,,,,11,,,,,,,,,,,,,,,,,,,,,,,,,,,7,,,,,,,3,9,,,,,,,,,,,,,,,,,,,,,,,,6,,,,,,,,,,,,,,,,,,,,,,,,,,,,,,43,,,,1,,,17,,,,,,25,95,,,,,,4,,4,,,,,18,,,,,,,2,,,,,,,,,2,,,27,,,,,,,,,,1,,,,,,,,,,3,9,,1,,,,,,,,,1,,,,,,,,,,,,,,,,,,1,,,,,,,,,,,,,,1,3,,,,,,
4273,EMPD2,Lago di Caldaro,Finsinger_a90,46.3789330047186,11.263856077708,214,,,sediment,-55,9,"Finsinger W, Heiri O, Valsecchi V, et al (2007) Modern pollen assemblages as climate indicators in southern Europe. Global Ecology and Biogeography 16:567-582",10.1111/j.1466-8238.2007.00313.x,1,,,,,,,,,2,3,,3,,,,,,,,,,,,,4,,,,,,,13,,,,,,,,,,,,,1,,9,1,,,,,,,,,,1,,,,,,,,,,,12,,,,,,,,,,,4,,,,,,,,,,,,,,,,7,,,,,2,,1,3,,,,,,,,,,,,,,,,,,,,,1,,,8,,1,,5,,,,,,,,,,,,,,,,,,,,,,,,,,46,,,,,,,27,,,,,,8,86,,,,,,3,,1,,,,,69,,,,,,,,,,,,,,,,1,1,,24,,,,,,,,,,,,,,,,,,,,1,4,,,,,,,,,,,1,,,,,,,,,1,,,,,,,,,1,,,,,,,,,3,,,,,,5,,,,,,
4274,EMPD2,Lago Madrano,Finsinger_a91,46.0856804189885,11.2189155087252,548,,,sediment,-55,9,"Finsinger W, Heiri O, Valsecchi V, et al (2007) Modern pollen assemblages as climate indicators in southern Europe. Global Ecology and Biogeography 16:567-582",10.1111/j.1466-8238.2007.00313.x,,,,3,,,,,,,27,1,1,,,1,,,,,,,,,,9,,,3,,,,6,,,,,3,,,,,,,,1,,125,,,,,,,,,,,4,,,,,,,,,,,3,,,,,,,,,,,,,,,,,,,,,,,,,,,2,,,1,,7,,1,11,,,,,,,,,4,,,,,,,,,,,,1,,,6,,,,1,,,,,,,,,,,,,,,,,,,,,,,,,,14,,,,,,,1,,,,,,4,11,,,,,,2,,1,,,4,,24,,,1,,,,5,,,2,,9,,,,2,,,9,,,,,,,,2,,14,,,,,,,,,,7,9,,2,,,,,,,,,,1,,1,,,,1,,4,,,,,,,,,1,,,,,,,,,2,,,,,,4,,,,1,,
4275,EMPD2,Lago di Santa Colomba,Finsinger_a92,46.124438445551,11.180893231332,922,,,sediment,-55,9,"Finsinger W, Heiri O, Valsecchi V, et al (2007) Modern pollen assemblages as climate indicators in southern Europe. Global Ecology and Biogeography 16:567-582",10.1111/j.1466-8238.2007.00313.x,1,,,1,,,,,,9,12,,2,,,,,,,,,,,,,3,,,,,,,6,,,,,,,,,,,,,,,8,,,,,,,1,,,,,,,,,,,,,,,20,,,,,,,,,,,,,,,,,,,,,,,,,,,7,,,,,,,1,12,,,,,,,,,1,,,,,,,,,,,,,,,9,,,,9,,,,,,,,,,,,,,,,,,,,,2,,,,,43,,,,,,,13,,,,,,23,130,,,,,,3,,1,,,,,32,,,,,,,,1,,,,1,,,,,3,,4,,,,,,,,,,,,,,,,,,,,2,,,,,,,,,,,1,,,,,,,,1,,,,,,,,,,,,,,,,,,,,1,,,,1,,5,,,1,,,
8672,EMPD2,Kichikol lake; Juniperus forest transect according to canopy cover,Tinner_a1,39.9833333333333,73.55,2554,0.01,,moss,-54,15,"Beer, R., Tinner, W., Carraro, G., Grisa, E., 2007. Pollen representation in surface samples of the Juniperus, Picea and Juglans forest belts of Kyrgyzstan, central Asia. The Holocene 17, 599-611.",10.1177/0959683607078984,,,,,,,,,,,,58,,,,,,,,,,,,,,256,2,,,,,,1,,,1,,,,,,,,,,,3,,,,,,,,,,,,17,,1,,,,,,,,,,2,,,,,33,,,,,,,,,,5,1,,,,,,,,,2,,,,,,,,,,,,,,,1,,,,,,,,6,2,,,2,,,,,,,175,,1,,1,2,,,,,,,,,,,1,,4,,,,,,,,,,,,,,,,,,,1,,,,,,,,,,,,1,,,,,,,48,,,,19,,,,1,,,,2,,,,,,,,1,4,,,,,,1,,,,,,,,,,4,1,,,,,,,,,,,,1,,3,,,1,,,,,,2,,,,1,1,5,,,,,,2,,,,,,,,,,,,,,,,,
8673,EMPD2,Kichikol lake; Juniperus forest transect according to canopy cover,Tinner_a2,39.9833333333333,73.55,2554,0.01,,moss,-54,15,"Beer, R., Tinner, W., Carraro, G., Grisa, E., 2007. Pollen representation in surface samples of the Juniperus, Picea and Juglans forest belts of Kyrgyzstan, central Asia. The Holocene 17, 599-611.",10.1177/0959683607078984,,,,,,,,,,,,37,,,,,,,,,,,,,,308,2,,,,,,1,,,,,,,,,,,4,,,,,,,1,1,,,,,,,4,,2,,,,,,,,,,,,,,,24,,,,1,,,,1,,1,2,,2,,,,,,6,4,,,,,,,,,,,,2,1,,1,,,,,,,,1,2,,,2,,,,,,,166,,2,,,,,,,,,,,,,,1,,5,,,,,,,,,,,,,,1,,,,,1,,,,,,,2,,,,,2,,,,,,,99,,1,,,,,,,,,,,,,,,,,,2,4,,,,,,1,,,,,,,,,,,1,,,2,,,,,,,,,5,,,,,,,,,,,2,,,,,,5,,,,,,5,,,,,,,,,,,,,,,,,
8674,EMPD2,Kichikol lake; Juniperus forest transect according to canopy cover,Tinner_a3,39.9833333333333,73.55,2554,0.01,,moss,-54,15,"Beer, R., Tinner, W., Carraro, G., Grisa, E., 2007. Pollen representation in surface samples of the Juniperus, Picea and Juglans forest belts of Kyrgyzstan, central Asia. The Holocene 17, 599-611.",10.1177/0959683607078984,,,,,,,,,,,,32,,,,,,,,,,,,,,226,1,,,,,,,,,1,,,13,,,,,3,,,2,,,,,,,,,,,,4,,1,,,,,,,,,,,,,,,47,,2,,,,,,,,5,,,1,,,,,,1,,,,,,,,,,,,4,,1,,1,,,,,,,,5,3,,,,,,,,,,255,,9,,,1,,1,,,,,,,,,1,,9,,,,,,,,,,,,,,1,,,,,,,,,,,,,,,,,5,,,,,,,68,,,,,,,,,,,,1,,,,,,,,,4,,,,,,3,,,,,,,,,,,1,,,,,,,,,,,,,,5,,,19,,,,,,,,,,,1,6,,,,,,7,,,,,,,,,,,,,,,,,
8675,EMPD2,Kichikol lake; Juniperus forest transect according to canopy cover,Tinner_a4,39.9833333333333,73.55,2554,0.01,,moss,-54,15,"Beer, R., Tinner, W., Carraro, G., Grisa, E., 2007. Pollen representation in surface samples of the Juniperus, Picea and Juglans forest belts of Kyrgyzstan, central Asia. The Holocene 17, 599-611.",10.1177/0959683607078984,,,,,,,,,,,,21,,,,,,,,,,,,,,74,,,,,,,,,,,,,,,,,,,,,,,,,,1,,,,,,,1,,,,,,,,,,,,,,,,,1,,,,,,,,,,,2,,,,,,,,,,,,,,,,,,,,,,,,,,,,,1,,,,3,,,1,,,,,,,516,,,,,,,,,,,,,,,,,,,,,,,,,,,,,,,1,,,,,,,,,,,,,,,,,,,,,,,,,15,,,,,,,,,,,,,,,,,,,,2,,,1,,,,1,,,,,1,,,,,,,,1,,,,,,,,,,,,,,,,,,,,,,,,,,,1,,,,,,1,,,,,,,,,,,,,,,,,
8676,EMPD2,Kichikol lake; Juniperus forest transect according to canopy cover,Tinner_a5,39.9833333333333,73.55,2554,0.01,,moss,-54,15,"Beer, R., Tinner, W., Carraro, G., Grisa, E., 2007. Pollen representation in surface samples of the Juniperus, Picea and Juglans forest belts of Kyrgyzstan, central Asia. The Holocene 17, 599-611.",10.1177/0959683607078984,,,,,,,,,,,,18,,,,,,,,,1,,,,,135,,,,,,,,,,,,,,,,,,7,,,3,,,,,2,,,,,,,,,1,,,,,,,,,,,,,,,8,,,,,,,,1,,3,,,1,,,,,,,,,,,,,,,,,,,,,,,,,,,,,,1,1,,,3,,,,,,,404,,,,,2,,,,,,,,,,,,,1,,,,,,,,,,,,,,,,,,,,,,,,,,,,,,,2,,,,,,,22,,,,,,,,,,,,,,,,,,,,6,5,,,,,,,,,,,,,,,,1,,,,1,,,,,1,,,,,,2,,,,,,,,,,,,,,,1,,,,,,1,,,,,,,,,,,,,,,,,
8677,EMPD2,Kichikol lake; transect from Juniperus forests to meadows,Tinner_a6,39.9833333333333,73.55,2554,0.01,,moss,-54,15,"Beer, R., Tinner, W., Carraro, G., Grisa, E., 2007. Pollen representation in surface samples of the Juniperus, Picea and Juglans forest belts of Kyrgyzstan, central Asia. The Holocene 17, 599-611.",10.1177/0959683607078984,,,,,,,,,,,,25,,,,,,,,,1,,,,,323,,,,,,,,,,,,,,,,,,,,,,,,,,1,,,,,,,1,,,,,,,,,,,,,,,,,4,,,,,,,,,,,,,,,,,,,1,,,,,,,,,,,,,,,,,,,,,,,,,,,,1,,,,,,,209,,2,,,,,,,,,,,,,,,,,,,,,,,,,,,,,,,,,1,,,,,,,,,,,,,,5,,,,,,,9,,,,,,,,,4,,,,,,,,,,,,11,,,,,,,,,,,,,,,,1,,,,,,,,,,,,,1,,,,,1,,,,,,,,,,1,,1,,,,,,3,,,,,,,,,,,,,,,,,
8678,EMPD2,Kichikol lake; transect from Juniperus forests to meadows,Tinner_a7,39.9833333333333,73.55,2554,0.01,,moss,-54,15,"Beer, R., Tinner, W., Carraro, G., Grisa, E., 2007. Pollen representation in surface samples of the Juniperus, Picea and Juglans forest belts of Kyrgyzstan, central Asia. The Holocene 17, 599-611.",10.1177/0959683607078984,,,,,,,,,,,,37,,,,,,,,,2,,,,,369,,,,,,,1,,,1,,,,,,,,,,,1,,,,4,,,,,,,,5,,,,,,,,,,,,3,,,,,31,,,,,,,,,,2,3,1,,,,,,,1,1,,,,,,,,,,,1,,2,,,,,,,,,,2,3,,,3,,,,,,,137,,4,,,1,,1,,,1,,,,,,2,,5,,,,,,,,,,,,,,,,,,,,,,,,,,,1,,,,6,,,,,,,55,,,,5,,,,,,,,,,,,,,,,,4,,,,,,,,,,,,,,,,,,,,,,,,,,,,,2,,1,,,,,,,,,,,,,,1,2,,,,,,3,,,,,,,,,,,,,,,,,
8679,EMPD2,Kichikol lake; transect from Juniperus forests to meadows,Tinner_a8,39.9833333333333,73.55,2554,0.01,,moss,-54,15,"Beer, R., Tinner, W., Carraro, G., Grisa, E., 2007. Pollen representation in surface samples of the Juniperus, Picea and Juglans forest belts of Kyrgyzstan, central Asia. The Holocene 17, 599-611.",10.1177/0959683607078984,,,,,,,,,,,,75,,,,,,,,,,,,,,330,,,1,,,1,,,,,,,1,,,,,,,,12,,,,2,,,,,,,,66,,,,,,,,,,,,,,,,,43,,,,2,,,,1,,3,3,,1,,,,,,1,1,,,,,,,,,,,,,,,1,,,,,,,,1,7,,,,,,,,,,71,,2,,,,,,,,,,,,,,2,,,,,,,,,,,,,,,,,,,,,,,,,,,,1,4,,,,6,,,3,,,,74,4,,,7,,,,,4,,,1,,1,,,,,,,2,,,,,,,,,,,,,,,,,,,4,,,,,,,,,,,,2,,,,,,,,,,,,,1,,1,,,,,,8,,,,,,1,,,,,,,,,,,
8680,EMPD2,Kichikol lake; transect from Juniperus forests to meadows,Tinner_a9,39.9833333333333,73.55,2554,0.01,,moss,-54,15,"Beer, R., Tinner, W., Carraro, G., Grisa, E., 2007. Pollen representation in surface samples of the Juniperus, Picea and Juglans forest belts of Kyrgyzstan, central Asia. The Holocene 17, 599-611.",10.1177/0959683607078984,,,,,,,,,,,,30,,,,,,,,,2,,,,,302,,,,,,,,,,1,,,,,,,,,,,6,,,,1,1,,1,,,,,38,,,,,,,1,,,,,1,,,,,14,,,,,,,,,,2,4,,,,,,,,,1,,,,,,,,,,,1,,4,,,,,,,,,,3,6,,,1,,,,,,,54,,4,,,,,,,,,,,,,,,,47,,,,,,,,,,,,,,,,,,,,,,,,,,,,,,,3,,,,,,,65,,,,18,,,,,1,,,1,,,,,,,,2,4,,,,,,,,,,,,,,,,,,,1,,,,,,1,,,,1,,3,,,,,,,,,,,,,,,,,,,,,1,,,,,,,,,,,,,,,,,1
8681,EMPD2,Kichikol lake; transect from Juniperus forests to meadows,Tinner_a10,39.9833333333333,73.55,2554,0.01,,moss,-54,15,"Beer, R., Tinner, W., Carraro, G., Grisa, E., 2007. Pollen representation in surface samples of the Juniperus, Picea and Juglans forest belts of Kyrgyzstan, central Asia. The Holocene 17, 599-611.",10.1177/0959683607078984,,,,,,,,,,,,36,,,,,,,,,,,,,,292,,,,,,,2,,,2,,,,,,,,,,,9,,,,2,,,1,,,,,24,,1,,,,,,,,,,2,,,,,47,,1,,,,,,,,5,,,,,,,,,2,2,,,,,,,,,,,4,,4,,,,,,,,,,3,4,,,1,,,,,,,73,,4,,,,,,,,,,,,,,1,,1,,,,,,,,,,,,,,,,,,,,,,,,,,,,,,,7,,,,,,,79,,,,16,,,,,3,,,2,,,,,,,,,5,,,,1,,,,,,,,,,,,3,,,1,1,,,,,1,,,,1,,2,,,,,,,,,,,,,,1,3,,,,,,2,,,,,,,,,,,,,,,,,
8682,EMPD2,Nishneye and Verkhneye Ozero lakes; Juglans forests,Tinner_a11,41.3,72.95,1406.5,0.01,,moss,-54,13,"Beer, R., Tinner, W., Carraro, G., Grisa, E., 2007. Pollen representation in surface samples of the Juniperus, Picea and Juglans forest belts of Kyrgyzstan, central Asia. The Holocene 17, 599-611.",10.1177/0959683607078984,,,,,,,,,,,,17,,,,,,,,,1,,,,,17,,,,,,,1,,,,,,,,,,,,,,1,,,,,,,,,,,,1,,,,,,,,,,,,,,,,,9,,,,,,,,1,,2,1,,3,,,,,,,1,,,,,,,,,,,,,,,2,,,,,,,,,4,,,,,,,523,,,10,,,,,,,,,,,,,,,,1,,,,,,,,,,,,,,,,,,,,,1,,1,,,,,1,,,,,2,,,,,,,15,,,,,,,,,5,,,4,,,,,,,,,1,,,,,,,,,,,,,,,,,,,1,,,,,,,,,,1,,,,,,,,,,,,,,,,1,,,,,,,,,,,,,,,,,,,,,,,,
8683,EMPD2,Nishneye and Verkhneye Ozero lakes; Juglans forests,Tinner_a12,41.3,72.95,1406.5,0.01,,moss,-54,13,"Beer, R., Tinner, W., Carraro, G., Grisa, E., 2007. Pollen representation in surface samples of the Juniperus, Picea and Juglans forest belts of Kyrgyzstan, central Asia. The Holocene 17, 599-611.",10.1177/0959683607078984,,,3,,,,,,,,,73,,,,,,,,,,,,,,53,,,,,,,,,,,,,,,,,,1,,,,,,,,,,,,,,,23,,3,,,,,,,,,,,,,,,36,,2,,,,,,,,1,3,1,4,,,,,,,,,,,,,,,,,1,,,,,3,,,,,1,,,,9,,,,,5,,188,,,49,,1,,,,,,,,,,,,,,5,,2,,,,,1,,,,,,,,1,1,,,,,,,1,,,,,,,,,,4,,,,,3,1,64,,1,,,,,,,48,,,9,,,,,,,,,6,,,,,,1,,,,,,,,,,,,,4,,,,,1,,,,,,,6,,,,,,,,,,,,,1,2,,,,,,,2,,,,,,,,,,,,,,,,,
8684,EMPD2,Nishneye and Verkhneye Ozero lakes; Juglans forests,Tinner_a13,41.3,72.95,1406.5,0.01,,moss,-54,13,"Beer, R., Tinner, W., Carraro, G., Grisa, E., 2007. Pollen representation in surface samples of the Juniperus, Picea and Juglans forest belts of Kyrgyzstan, central Asia. The Holocene 17, 599-611.",10.1177/0959683607078984,,,,,,,,,,,,40,,,,,,,,,1,,,,,39,,,1,,,,,,,1,,,,,,,,,,,1,,,,,,,,,,,,8,,,,,,,,,,,,,,,,,16,,,,,,,,,,,,,,,,,,,,1,,,,,,,,,,1,1,,,,2,,,,,,,,2,3,,,,,,,431,,,13,,2,,,,,,,,,,,,,,1,,1,,,,,,,,,,,,,,,,,,,,,,,,,,,,,,,2,,,,,,,35,,,,1,,,,,2,,,2,,,,,,,,,2,,,,,,,,,,,,,,,,1,,,1,,,,,,,,,,,,3,,,,,,,,,,,,,,1,,,,,,,1,,,,,,,,,,,,,,,,,
8685,EMPD2,Nishneye and Verkhneye Ozero lakes; Juglans forests,Tinner_a14,41.3,72.95,1406.5,0.01,,moss,-54,13,"Beer, R., Tinner, W., Carraro, G., Grisa, E., 2007. Pollen representation in surface samples of the Juniperus, Picea and Juglans forest belts of Kyrgyzstan, central Asia. The Holocene 17, 599-611.",10.1177/0959683607078984,,,2,,,,,,,,,75,,,,,,,,,1,,,,,92,,,,,,,,,,,,,,,,,,2,,,,,,,,,,,,,,,7,,1,,,,,,,,,,,,,,,18,,1,,3,,,,8,,3,1,,1,,,,,,1,1,,,,,,,,,,,1,,4,,1,,,,,,,,33,4,,,,,,,216,,,28,,1,,,,,,,,,,,,,,2,,,,,,,,,,,,,,,1,1,,,,,,,1,,,,,,,,,,8,,,,,,,45,,,,,,,,,13,,,10,,1,,,,,,,3,,,,,,,,,,,3,,,,,,,,1,1,,,,,,,,,3,,,,,,,,,,,5,,,,1,1,2,,,,,,3,,,,,,1,,,,,,,,,,,3
8686,EMPD2,Nishneye and Verkhneye Ozero lakes; Juglans forests,Tinner_a15,41.3,72.95,1406.5,0.01,,moss,-54,13,"Beer, R., Tinner, W., Carraro, G., Grisa, E., 2007. Pollen representation in surface samples of the Juniperus, Picea and Juglans forest belts of Kyrgyzstan, central Asia. The Holocene 17, 599-611.",10.1177/0959683607078984,,,10,,,,,,,,,63,,,,,,,,,,,,,,80,,,2,,,,1,,,,,,,,,,,1,,,,,,,,2,,,,,,,4,,2,,,,,,,,,,1,,,,,32,,1,,,,,,3,,2,2,,3,,,,,,,,,,,,,,,,,,,,,,1,,,,,,,,5,6,,1,,,1,,254,,,38,,,,,,,,,,,,,,,,2,,7,,,,,2,,,,,,,,,,,,,,2,,,,,,,,,,,,1,,,,,1,1,59,,,,,,,,,3,,,25,,,,,,,,,3,,,,,,,,,,,3,,,,,,,,,1,,,,,1,,,,,,2,,,,,,,,,4,,,,1,2,1,,,,,,,,,,,,1,,,,,,1,,,,,
8687,EMPD2,Nishneye and Verkhneye Ozero lakes; Juglans forests,Tinner_a16,41.3,72.95,1406.5,0.01,,moss,-54,13,"Beer, R., Tinner, W., Carraro, G., Grisa, E., 2007. Pollen representation in surface samples of the Juniperus, Picea and Juglans forest belts of Kyrgyzstan, central Asia. The Holocene 17, 599-611.",10.1177/0959683607078984,,,,,,,,,,,,49,,,,,,,,,,,,,,38,,,2,,,,1,,,,,,,,,,,1,,,,,,,1,1,,,,,,,2,,1,,,,,,,,,,1,,,,,8,,,,,,,,,,1,1,,,,,,,,,,,,,,,,,,,1,,,,,1,,,,,,,,,2,,,,,,,420,,,24,,,,,,,,,,,,,,,,,,3,,,,,,,,,,,,,1,,,,,,,,,,,,,,1,,,,,,,,,,,46,,,,1,,,,,5,,,2,,,,,,,,1,5,,,,,,,,,,,,,,,,,,,2,,,,,,,,,,,,2,,,,,,,,,,,,,,,,,,,,,1,,,,,2,1,,,,,,,,,,,
8688,EMPD2,Nishneye and Verkhneye Ozero lakes; Juglans forests,Tinner_a17,41.3,72.95,1406.5,0.01,,moss,-54,13,"Beer, R., Tinner, W., Carraro, G., Grisa, E., 2007. Pollen representation in surface samples of the Juniperus, Picea and Juglans forest belts of Kyrgyzstan, central Asia. The Holocene 17, 599-611.",10.1177/0959683607078984,,,4,,,,,,,,,82,,,,,,,,,1,,,,,96,,,2,,,,,,,,,,,,,,,1,,,,,,,1,,,,,,,,10,,,,,,,,,,,,,,,,,20,,2,,1,,,,,,2,1,,3,,,,,,,,,,,,,,,,,1,,,1,,1,,,,,,,,3,10,,,,,,,231,,,31,,,,,,,1,,,,,,,,,14,,4,,,,,,,,,,,,,,,,,,,1,,,,,,,1,,,,,1,,,,,1,,53,,,,,,,,3,1,,,4,,1,,,,,,,3,,,,,,,,,,1,,,,,,,,,1,5,,,,,,,,,,,3,,,,,,,,,,,,,2,2,1,,,,,,1,,,,,,2,,,,,,1,,,,,
8689,EMPD2,Nishneye and Verkhneye Ozero lakes; Juglans forests,Tinner_a18,41.3,72.95,1406.5,0.01,,moss,-54,13,"Beer, R., Tinner, W., Carraro, G., Grisa, E., 2007. Pollen representation in surface samples of the Juniperus, Picea and Juglans forest belts of Kyrgyzstan, central Asia. The Holocene 17, 599-611.",10.1177/0959683607078984,,,,,,,,,,,,206,,,,,,,,,6,,,,,73,,,5,,,,,,,,,,,,,,,6,,,1,,,,3,2,,,,,,,30,,,,,,,,,,,,3,,,,,63,,7,,,,,,2,,7,5,,15,,,,,,,,,,,,,,,,,2,2,,1,,,,,,,,,,2,3,,,,,,,52,,,63,,6,,,1,,12,,,,,,,,,1,,14,,,,,,,,,,,,,5,2,,,,,2,,,,,,,,,,,,1,,,,,2,,51,,,,,,,,,7,,,4,,,,,,,,2,4,,,,,,,,,,1,,,,,,,,,1,3,,,,,,,,,,,7,,,,,,,,,2,,,,,4,1,,,,,,10,,,,,1,4,,,,,,,,,,,1
8690,EMPD2,Nishneye and Verkhneye Ozero lakes; Juglans forests,Tinner_a19,41.3,72.95,1406.5,0.01,,moss,-54,13,"Beer, R., Tinner, W., Carraro, G., Grisa, E., 2007. Pollen representation in surface samples of the Juniperus, Picea and Juglans forest belts of Kyrgyzstan, central Asia. The Holocene 17, 599-611.",10.1177/0959683607078984,,,2,,,,,,,,,71,,,,,,,,,1,,,,,43,1,,2,,,,1,,,,,,,,,,,,,,1,,,,,,,,,,,,6,,,,,,,,,,,,,,,,,14,,2,,,,,,,,1,,,7,,,,,,,,,,,,,,,,,,,,1,,,,,,,,,,,3,,,,,1,,408,,,25,,2,,,,,,,,,,,,,,4,,3,,,,,,,,,,,,,2,,,,,,,,,,,,,2,,,,,3,,,,,,,25,,,,,,,,,1,,,4,,,,,,,,,2,,,,,,,,,,,,,,,,,,,1,1,,,,,1,,,,,,1,,,,,,,,,3,,,,,2,1,,,,,,,,,,,,1,,,,,,,,,,,1
8691,EMPD2,Nishneye and Verkhneye Ozero lakes; Juglans forests,Tinner_a20,41.3,72.95,1406.5,0.01,,moss,-54,13,"Beer, R., Tinner, W., Carraro, G., Grisa, E., 2007. Pollen representation in surface samples of the Juniperus, Picea and Juglans forest belts of Kyrgyzstan, central Asia. The Holocene 17, 599-611.",10.1177/0959683607078984,,,,,,,,,,,,88,,,,,,,,,2,,,,,47,1,,2,,,,,,,,,,,,,,,,,,3,,,,3,1,,,,,,,36,,,,,,,,,,,,,,,,,67,,1,,,,,,,,6,1,,5,,,,,,1,,,,,,,,,,,2,1,,1,,1,,,,,,,,,7,,,,,1,,108,,,84,,,,,,,,,,,,,,,,5,,3,,,,,,,,,,,,,2,,,,,,,,,,,,,,,,,,2,,,,,,,115,,,,1,,,,,1,,,1,,,,,,,,,12,,,,,,,,,,,,,,,,,,,1,,,,,,2,,,,,,1,,,,,,,,,40,,,,,1,,,,,,,,,,,,,2,,,,,,,,,,,1
8692,EMPD2,Nishneye and Verkhneye Ozero lakes; Juglans forests,Tinner_a21,41.3,72.95,1406.5,0.01,,moss,-54,13,"Beer, R., Tinner, W., Carraro, G., Grisa, E., 2007. Pollen representation in surface samples of the Juniperus, Picea and Juglans forest belts of Kyrgyzstan, central Asia. The Holocene 17, 599-611.",10.1177/0959683607078984,,,1,,,,,,,,,65,,,,,,,,,1,,,,,48,,,2,,,1,,,,,,,,,,,,,,,,,,,1,,,,,,,,6,,3,,,,,,,,,,,,,,,19,,,,,,,,,,3,1,,1,,,,,,,,,,,,,,,,,2,,,,,,,,,,,,,,5,,,1,,,,404,,,23,,3,,,,,,,,,,,,,,2,,3,,,,,1,,,,,,,,,,,,,,1,,,,,,,,,,,,2,,,,,1,,25,,,,,,,,,3,,,2,,,,,,,,1,2,,,,,,,,,,,,,,,,,,,1,1,,,,,,,,,,,2,,,,,,,,,1,,,,,3,,,,,,,2,,,,,1,2,,,,,,,,,,,
8693,EMPD2,Karakol lake; Picea forests,Tinner_a22,42.8333333333333,77.3833333333333,2353,0.01,,moss,-54,15,"Beer, R., Tinner, W., Carraro, G., Grisa, E., 2007. Pollen representation in surface samples of the Juniperus, Picea and Juglans forest belts of Kyrgyzstan, central Asia. The Holocene 17, 599-611.",10.1177/0959683607078984,,,,,,,,,,,,14,,,,,,,,,3,,,,,97,,,,,,,17,,,,,,,,,,,1,,,2,,,,,,,,,,,,3,,3,,,,,,,,,,,,,,,5,,,,,,,,,,,,,,,,,,,2,,,,,,,1,,,,1,1,,1,,1,,,,,,,,3,5,,,,,,,,,,6,,2,,,,,,,,1,,1,,,,,,,,,,,,,,,,,,,,,,,,,520,,2,,,,,,,,,,1,,,,,,,24,,,,1,,,,,2,,,5,,,,,,,,,3,,,,,,1,,,,1,,,,,,1,,,3,,,,,,,,,,2,,1,,,2,,,,,,2,,,,,2,6,,,,,,2,,,,,2,1,,,,,,1,,,,,1
8694,EMPD2,Karakol lake; Picea forests,Tinner_a23,42.8333333333333,77.3833333333333,2353,0.01,,moss,-54,15,"Beer, R., Tinner, W., Carraro, G., Grisa, E., 2007. Pollen representation in surface samples of the Juniperus, Picea and Juglans forest belts of Kyrgyzstan, central Asia. The Holocene 17, 599-611.",10.1177/0959683607078984,,,,,,,,,,,,26,,,,,,,,,2,,,,,105,,,,,,1,9,,,,,,1,,,,,,,,,,,,3,1,,,,,,,,,,,,,,,,,,,,,,,,16,,2,,,,,,,,,,,,,,,,,2,1,,,,,,,,,,,,,,,,,,,,,,,2,1,,,,,,,,,,22,,,,,,,1,,,,,,,,,,,1,,,,,,,,,,,,1,,,,,,,319,,8,,,,,,,,,,1,,,2,,,,48,,,,1,,,,,,,,,,,,,,,,,8,,,,,,,,,,,,,,,,1,,,1,,,,,,,,,,,,2,,,69,,,,,,4,,,,,,3,,,,,,,,,,,2,2,,,,,,,,,,,1
8695,EMPD2,Karakol lake; Picea forests,Tinner_a24,42.8333333333333,77.3833333333333,2353,0.01,,moss,-54,15,"Beer, R., Tinner, W., Carraro, G., Grisa, E., 2007. Pollen representation in surface samples of the Juniperus, Picea and Juglans forest belts of Kyrgyzstan, central Asia. The Holocene 17, 599-611.",10.1177/0959683607078984,,,,,,,,,,,,41,,,,,,,,,,,,,,69,,,,,,,7,,,,,,1,,,,,1,,,4,,,,,,,,,,,,105,,4,,,,,,,,,,,,,,,28,,3,,,,,,,,2,,,1,,,,,,,,,,,,,,,,,,,,,,,,,,,,,,1,2,,,,,,,,,,31,,,,,,,,,,,,,,,,1,,1,,,,,,,,,,,,,,,,,,,202,,1,,,,,,7,,,,23,,,11,,,,42,,,,11,,,,,3,,,,,,,,,,,1,12,1,,,,,,,,,,,,,,,2,,,1,2,,,,,,,,,,,5,,,11,,,,,,2,,,,,,,,,,,,21,,,,,,2,,,,,,,,,,,
8696,EMPD2,Karakol lake; Picea forests,Tinner_a25,42.8333333333333,77.3833333333333,2353,0.01,,moss,-54,15,"Beer, R., Tinner, W., Carraro, G., Grisa, E., 2007. Pollen representation in surface samples of the Juniperus, Picea and Juglans forest belts of Kyrgyzstan, central Asia. The Holocene 17, 599-611.",10.1177/0959683607078984,,,,,,,,,,,,33,,,,,,,,,1,,,,,114,,,,,,,6,,,,,,1,,,,,2,,,2,,,,,,,,,,,,21,,1,,,,,,,,,,,,,,,20,,3,,,,,,,,2,,,1,,,,,,2,,,,,,,,,,,,1,,,,1,,,,,,,,1,8,,,,,,,,,,40,,1,,,,,,,,,,,,,,,,6,,,,,,,,,,,,,,,,,,,352,,9,,,,,,2,,,,3,,,,,,,28,,,,2,,,,,1,,,,,,,,,,,,8,,,,,,1,,,,,,,,,,3,,,4,,,,,,,,,,,,,,,2,,,,,,1,,,,,,2,,,,,,3,,,,,,,,,,,,,,,,,
8697,EMPD2,Karakol lake; Picea forests,Tinner_a26,42.8333333333333,77.3833333333333,2353,0.01,,moss,-54,15,"Beer, R., Tinner, W., Carraro, G., Grisa, E., 2007. Pollen representation in surface samples of the Juniperus, Picea and Juglans forest belts of Kyrgyzstan, central Asia. The Holocene 17, 599-611.",10.1177/0959683607078984,,,,,,,,,,,,17,,,,,,,,,2,,,,,90,,,,,,,7,,,,,,2,,,,,,,,1,,,,,,,,,,,,1,,,,,,,,,,,,,,,,,10,,4,,,,,,,,2,1,,,,,,,,,,,,,,,,,,,,,,,,,,,,,,,,1,7,,,1,,,,1,,,22,,,,,,,1,,,,,,,,,1,,,,,,,,,,,,,,,1,,,,,,409,,4,,,,,,,,,,,,,,,,,11,,,,,,,,,1,,,1,,,,,,,,,2,,,,,,,,,,1,,,,,,2,,,2,,,,,,,,,,1,,1,,,7,,,,,,,,,,,,,,,,,,2,,,,,,,,,,,,1,,,,,
8698,EMPD2,Karakol lake; Picea forests,Tinner_a27,42.8333333333333,77.3833333333333,2353,0.01,,moss,-54,15,"Beer, R., Tinner, W., Carraro, G., Grisa, E., 2007. Pollen representation in surface samples of the Juniperus, Picea and Juglans forest belts of Kyrgyzstan, central Asia. The Holocene 17, 599-611.",10.1177/0959683607078984,,,,,,,,,,,,18,,,,,,,,,4,,,,,58,,,,,,,5,,,,,,1,,,,,1,,,4,,,,,,,,,,,,,,,,,,,,,,,,,,,,,9,,1,,,,,,,,1,1,,,,,,,,,,,,,,,,,,,,,,1,,,,,,,,,,2,4,,,,,,,,,,14,,,,,,,,,,,,,,,,1,,1,,,,,,,,,,,,,,,,,,,470,,1,,,,,,2,,,,1,,,,,,,11,,,,,,,,,,,,,,,,,,,,,4,,,,,,,,,,,,,,,,1,,,,,,,,,,,,,,,,,,10,,,,,,,,,,,1,3,,,,,,1,,,,,,1,,,,,,1,,,,,
8699,EMPD2,Bakaly lake; N-S transect through mixed forests,Tinner_a28,41.8666666666667,71.9666666666667,1880,0.01,,moss,-54,15,"Beer, R., Tinner, W., Carraro, G., Grisa, E., 2007. Pollen representation in surface samples of the Juniperus, Picea and Juglans forest belts of Kyrgyzstan, central Asia. The Holocene 17, 599-611.",10.1177/0959683607078984,2,,3,,,,,,,,,57,,,,,,,,,29,,,,1,80,1,,,,,,,,2,,,,,,,,,,,,,,,,,,,,,,,,1,,,,,,,,,,,,,,,,,6,,4,,,,,,,,1,,,7,,,,3,,,,,,,,,,,,,,,,,,,,,,,,,,6,3,,,1,,,,21,,,115,,2,,2,,,,,,,,,,,,8,,20,,,,,,,,,,,,,,,,,,,8,,1,,,,,,,,,,14,,,,,,,170,,,,,,,,,2,,,4,,,,,,,,,,,,,,,,,,,,,,,,,12,,,1,1,,,,,,,,,3,,3,,,,,,,,,11,,,,,1,,,,,,,1,,,,,,3,,,,,,,,,,,
8700,EMPD2,Bakaly lake; N-S transect through mixed forests,Tinner_a29,41.8666666666667,71.9666666666667,1880,0.01,,moss,-54,15,"Beer, R., Tinner, W., Carraro, G., Grisa, E., 2007. Pollen representation in surface samples of the Juniperus, Picea and Juglans forest belts of Kyrgyzstan, central Asia. The Holocene 17, 599-611.",10.1177/0959683607078984,4,,,,,,,,,,,51,,,,,,,,,13,,,,3,109,,,1,,,,12,,,,,,,,,,,4,,,,,,,,,,,,,,,,,1,,,,,2,,,,,,,,,,10,,5,,1,,,,,,2,,,10,,,,2,,,1,,,,,,,,,,,,,,,,,,,,,,,30,2,,,2,,,,20,,,105,,1,,,1,,,,,,,,,,,4,,21,,,,,,,,,,,,,,,,,,,23,,1,,,,,,2,,,,22,,,,1,2,,170,,,,,,,,,1,,,,,,,,,,,,4,,,,,,,,,,,,,,,,4,,,1,1,,,,,,,,,,,4,,,,,,,,,2,,,,,3,,,,,,,1,,,,,,,,,,,,1,,,,,
8701,EMPD2,Bakaly lake; N-S transect through mixed forests,Tinner_a30,41.8666666666667,71.9666666666667,1880,0.01,,moss,-54,15,"Beer, R., Tinner, W., Carraro, G., Grisa, E., 2007. Pollen representation in surface samples of the Juniperus, Picea and Juglans forest belts of Kyrgyzstan, central Asia. The Holocene 17, 599-611.",10.1177/0959683607078984,1,,,,,,,,,,,58,,,,,,,,,5,,,,,53,,,,,,1,18,,,,,,,,,,1,,,,1,,,,,,,,,,,,,,,,,,,,,,,,,,,,,34,,2,,,,,,,,,,,2,,,,2,,,,,,,,,,,,,,,,,,,,,,,,,,,1,,,1,,,,7,,,21,,1,,,,,,,,,,,,,,3,,18,,,,,,,,,,,,,1,,,,,,33,,1,,,,,,5,,,,94,,,5,32,,,214,,1,,,,,,2,3,,,,,,,,,,,,18,,2,,,,1,,,,,,,,,,15,,,,,,,,,,,,,1,,1,,,1,,,,,,2,,,,,,2,,,,,,,,,,,,,,,,,,,,,,,5
8702,EMPD2,Bakaly lake; N-S transect through mixed forests,Tinner_a31,41.8666666666667,71.9666666666667,1880,0.01,,moss,-54,15,"Beer, R., Tinner, W., Carraro, G., Grisa, E., 2007. Pollen representation in surface samples of the Juniperus, Picea and Juglans forest belts of Kyrgyzstan, central Asia. The Holocene 17, 599-611.",10.1177/0959683607078984,1,,1,,,,,,,,,48,,,,,,,,,22,,,,,103,,,,,,,8,,1,,,,3,,,,,2,,,,,,,4,,,,,,,,,,3,,,,,1,,,,,,,,,,9,,14,,,,,,,,,,3,17,,,,,,,1,,,,,,,,,,,1,,,,,,,,,,,,2,4,,,2,,,,32,,,88,,,,,,,,,,,,,,,,1,,17,,,,,,,,,,,,,,1,,,1,,35,,,,,,,,,,,,3,,,,,1,,133,,1,,,,,,,4,,,2,,,,,,,,,3,,,,,,,,,,2,3,,,,,3,,,2,2,,,,,2,,,1,1,,5,,,,,,,,,11,,,,,,,,,,,,1,,,,,,1,,,,,,1,,,,,4
8703,EMPD2,Bakaly lake; N-S transect through mixed forests,Tinner_a32,41.8666666666667,71.9666666666667,1880,0.01,,moss,-54,15,"Beer, R., Tinner, W., Carraro, G., Grisa, E., 2007. Pollen representation in surface samples of the Juniperus, Picea and Juglans forest belts of Kyrgyzstan, central Asia. The Holocene 17, 599-611.",10.1177/0959683607078984,7,,,,,,,,,,,55,,,,,,,,,23,,,,,98,,,,,,,5,,6,,,,1,,,,,2,,,,,,,,,,,,,,,1,,3,,,,,,,,,,,,,,,2,,6,,,,,,,,3,1,,21,,,,,,,1,,,,,,,,,,,,,,,,,,,,,,,7,1,,,2,,2,,22,,,60,,1,,,,,,,,,,,,,,4,,17,,,,,,,,,,,,,,,,,,,49,,,,,,,,,,,,7,,,,,2,,164,,,,,,,,,,,,1,,,,,,,,,2,,,,,,,,,,,1,,,,,7,,,1,,,,,,,,,,1,,16,,,1,,,,,,4,,,,1,1,,,,,,,2,,,,,,,,,,,,,,,,,2
8704,EMPD2,Bakaly lake; N-S transect through mixed forests,Tinner_a33,41.8666666666667,71.9666666666667,1880,0.01,,moss,-54,15,"Beer, R., Tinner, W., Carraro, G., Grisa, E., 2007. Pollen representation in surface samples of the Juniperus, Picea and Juglans forest belts of Kyrgyzstan, central Asia. The Holocene 17, 599-611.",10.1177/0959683607078984,,,,,,,,,,,,56,,,,,,,,,33,,,,1,81,,,,,,,5,,1,,,,1,,,,,10,,,2,,,,,2,,,,,,,,,2,,,,,,,,,,2,,,,,5,,19,,1,,,,,,,,1,13,,,,,,,,,,,,,,,,,,4,,,,,,,,,,,,6,1,,,1,,,,24,,,45,,,,,,,,,,,,,,,,4,,9,,,,,,,,,,,,,1,,,,1,,108,,,,,,,,1,,,,3,,,,,,,88,,,,,,,,,5,,,6,,,,,,,,,4,,,,,,,,,,5,7,,,,,3,,,2,,,,,,1,,,2,2,,42,,,,,,,,,7,,,,,,3,,,,,,3,,,,,,,,,,,,,,,,,1
8705,EMPD2,Bakaly lake; W-E transect through mixed forests,Tinner_a34,41.8666666666667,71.9666666666667,1880,0.01,,moss,-54,15,"Beer, R., Tinner, W., Carraro, G., Grisa, E., 2007. Pollen representation in surface samples of the Juniperus, Picea and Juglans forest belts of Kyrgyzstan, central Asia. The Holocene 17, 599-611.",10.1177/0959683607078984,,,,,,,,,,,,92,,,,,,,,,6,,,,2,173,,,,,,,8,,1,,,,,,,,,2,,,,,,,,,,,,,,,1,,,,,,,,,,,,1,,,,,13,,1,,,,,,,,1,,,9,,,,,,1,1,,,,,,,,,,,2,,,,,,,,,,,,,3,,,,,2,,170,,,157,,1,,1,,,,,,,,,,,,1,,10,,,,,,,,,,,,,2,,,,,,31,,,,,,,,2,,,,10,,,,,,,92,,,,,,,,,2,,,2,,,,,,,,,,,,,,,,,,,1,4,,,,,8,,,2,1,,,,,1,,,,3,,3,,,1,,,,,,2,,,,,,3,,,,,,,,,,,,8,,,,,,1,,,,,4
8706,EMPD2,Bakaly lake; W-E transect through mixed forests,Tinner_a35,41.8666666666667,71.9666666666667,1880,0.01,,moss,-54,15,"Beer, R., Tinner, W., Carraro, G., Grisa, E., 2007. Pollen representation in surface samples of the Juniperus, Picea and Juglans forest belts of Kyrgyzstan, central Asia. The Holocene 17, 599-611.",10.1177/0959683607078984,1,,,,,,,,,,,91,,,,,,,,,4,,,,1,188,1,,,,,,9,,,,,,,,,,,7,,,2,,,,,,,,,,,,5,,,,,,,,,,,,1,,,,,16,,,,,,,,,,4,,,4,,,,1,,1,2,,,,,,,,,,,,,,,1,,,,,,,,2,2,,,1,,1,,40,,,162,,2,,,,,,,,,,,,,,1,,12,,,,,,,,,,,,,2,,,,,,32,,,,,,,,,,,,6,,,,,,,115,,,,,,,,,,,,,,,,,,,,,,,,,,,,,,,,2,,,,,5,,,1,,,,,,,,,1,1,,41,,,,,,,,,8,,,,,1,14,,,,,,3,,,,,,2,,,,,,,,,,,1
8707,EMPD2,Bakaly lake; W-E transect through mixed forests,Tinner_a36,41.8666666666667,71.9666666666667,1880,0.01,,moss,-54,15,"Beer, R., Tinner, W., Carraro, G., Grisa, E., 2007. Pollen representation in surface samples of the Juniperus, Picea and Juglans forest belts of Kyrgyzstan, central Asia. The Holocene 17, 599-611.",10.1177/0959683607078984,5,,,,,,,,,,,93,,,,,,,,,16,,,,1,146,2,,2,,,,13,,,,,,,,,,,3,,,1,,,,,1,,,,,,,2,,,,,,,,,,,,2,,,,,28,,6,,,,,,,,1,,,7,,,,,,,10,,,,,,,,,,,3,,,,,,,,,,,,10,1,,,4,,,,29,,,150,,6,,,,,,,,,,,,,,,,46,,,,,,,,,,,,,1,,,,,,44,,,,,,,,,,,,34,,,,,,,137,,,,1,,,,,7,,,,,,,,,,,1,,,,,,,,,,,,5,,,,,1,,,1,3,,,,,,,,,,,36,,,,,,,,,7,,,,,,9,,,,,,2,,,,,,6,,,,,,,,,,,2
8708,EMPD2,Bakaly lake; W-E transect through mixed forests,Tinner_a37,41.8666666666667,71.9666666666667,1880,0.01,,moss,-54,15,"Beer, R., Tinner, W., Carraro, G., Grisa, E., 2007. Pollen representation in surface samples of the Juniperus, Picea and Juglans forest belts of Kyrgyzstan, central Asia. The Holocene 17, 599-611.",10.1177/0959683607078984,1,,,,,,,,,,,42,,,,,,,,,17,,,,1,63,1,,,,,,295,,,,,,,,,,,,,,,,,,,2,,,,,,,4,,,,,,,,,,,,1,,,,,628,,5,,,,,,,,3,1,,6,,,,,,,,,,,,,,,,,,,,,,,,,,,,,,3,2,,,2,,,,19,,,82,,,,,,,,,,,,,,,,2,,15,,,,,,,,,,,,,,,,,,,28,,1,,,,,1,1,,,,7,,,,,1,,63,,,,1,,,,,,,,,,,,,,,,,3,,,,,,,,,,3,2,,,,,10,,,,,,,,,,,,1,,,5,,,,,,,,,2,,,,,,3,,,,,,3,,,,,,2,,,,,,,,,,,4
8709,EMPD2,Bakaly lake; W-E transect through mixed forests,Tinner_a38,41.8666666666667,71.9666666666667,1880,0.01,,moss,-54,15,"Beer, R., Tinner, W., Carraro, G., Grisa, E., 2007. Pollen representation in surface samples of the Juniperus, Picea and Juglans forest belts of Kyrgyzstan, central Asia. The Holocene 17, 599-611.",10.1177/0959683607078984,,,,,,,,,,,,64,,,,,,,,,21,,,,,49,,,,,,,109,,1,,,,,,,,,1,,,1,,,,,,,,,,,,,,,,,,,2,1,,,,,,,,,213,,3,,,,,,,,,,,4,,,,,,,,,,,,,,,,,,,,,,1,,,,,1,,,4,,,,1,,,,2,,,10,,1,,,,,,,,,,,,,,4,,23,,,,,,,,,,,,,1,,,,,,21,,,,,,,,3,,,,47,,,6,52,,,140,,1,,,,,,,26,,,,,,,,,,,,3,,,,,,,,,,2,1,,,,,9,,,1,2,,,,,1,,,,,,16,,,,,,,,,7,,,,,,3,,,,,,1,,,,,,1,,,,,,,,,,,3
8710,EMPD2,Bakaly lake; W-E transect through mixed forests,Tinner_a39,41.8666666666667,71.9666666666667,1880,0.01,,moss,-54,15,"Beer, R., Tinner, W., Carraro, G., Grisa, E., 2007. Pollen representation in surface samples of the Juniperus, Picea and Juglans forest belts of Kyrgyzstan, central Asia. The Holocene 17, 599-611.",10.1177/0959683607078984,,,,,,,,,,,,48,,,,,,,,,6,,,,,95,2,,,,,,39,,,,,,,,,,,1,,,,,,,,,,1,,,,,2,,2,,,,,,,,,,,,,,,9,,2,,,,,,,,3,1,,9,,,,,,,1,,,,,,,,,,,,,,,,,,,,,,,7,1,,,1,,5,,26,,,154,,1,,,,,1,,,,,,,,,3,,13,,,,,,,,,,,,,,,,,,,29,,2,,,,,,1,,,,8,,,,,,,250,,1,,1,,,,,4,,,2,,,,,,,,,2,,1,,,,,,,1,,5,,,,,2,,,3,1,,,,,,,,,1,,3,,,1,,,,,,6,,,,,,6,,,,,,,,,,,,2,,,,,,2,,,,,2
8711,EMPD2,Bakaly lake; W-E transect through mixed forests,Tinner_a40,41.8666666666667,71.9666666666667,1880,0.01,,moss,-54,15,"Beer, R., Tinner, W., Carraro, G., Grisa, E., 2007. Pollen representation in surface samples of the Juniperus, Picea and Juglans forest belts of Kyrgyzstan, central Asia. The Holocene 17, 599-611.",10.1177/0959683607078984,2,,,,,,,,,,,31,,,,,,,,,7,,,,1,70,1,,,,,,11,,,,,,,,,,,2,,,2,,,,,,,,,,,,1,,,,,,,,,,,,,,,,,4,,1,,,,,,,,1,,,6,,,,,,,1,,,,,,,,,,,,,,,,,,,,,,,39,2,,,,,1,,23,,,256,,,,,,,,,,,,,,,,,,10,,,,,,,,,,,,,,,,,2,,23,,2,,,,,,,,,,10,,,,,1,,127,,,,,,,,,1,,,,,,,,,,,,1,,,,,,,,,,1,1,,,,,6,,,1,,,,4,,,,,,,,4,,,,,,,,,6,,,,,1,,,,,,,2,,,,,,1,,,,,,1,,,,,
8712,EMPD2,Bakaly lake; W-E transect through mixed forests,Tinner_a41,41.8666666666667,71.9666666666667,1880,0.01,,moss,-54,15,"Beer, R., Tinner, W., Carraro, G., Grisa, E., 2007. Pollen representation in surface samples of the Juniperus, Picea and Juglans forest belts of Kyrgyzstan, central Asia. The Holocene 17, 599-611.",10.1177/0959683607078984,,,,,,,,,,,,35,,,,,,,,,20,,,,2,52,2,,1,,,,7,,,,,,,,,,,1,,,,,,,,,,,,,,,11,,,,,,,,,,,,,,,,,5,,2,,,,,,,,,1,,3,,,,,,,1,,,,,,,,,,,,,,,,,,,,,,,17,,,,,,,,13,,,76,,,,,1,,,,,,,,,,,1,,25,,,,,,,,,,,,,1,,,,1,,10,,,,,,,,,,,,7,,,,,1,,462,,1,,,,,,,1,,,,,,,,,,,,,,,,,,,,,,,,,,,,3,,,1,2,,,,,,,,,1,,3,,,,,,,,,,,,,,,1,,,,,,3,,,,,,1,,,,,,,,,,,2
8713,EMPD2,Bakaly lake; W-E transect through mixed forests,Tinner_a42,41.8666666666667,71.9666666666667,1880,0.01,,moss,-54,15,"Beer, R., Tinner, W., Carraro, G., Grisa, E., 2007. Pollen representation in surface samples of the Juniperus, Picea and Juglans forest belts of Kyrgyzstan, central Asia. The Holocene 17, 599-611.",10.1177/0959683607078984,1,,,,,,,,,,,47,,,,,,,,,22,,,,4,101,4,,,,,,6,,,4,,,,,,,,,,,,,,,,,,,,,,,2,,1,,,,,,,,,,1,,,,,6,,4,,,,,,1,,,1,,1,,,,,,1,1,,,,,,,,,,,,,,,,,,,,,,,18,,,,1,,,,16,,,105,,,,,,,,,,,,,,,,,,11,,,,,,,,,,,,,,2,,,1,,31,,,,,,,1,,,,,8,,,,,,,289,,1,,,,,,,1,,,,,,,,,,,,,,,,,,,,,,,1,,,,,4,,,3,,,,,,,,,,,,7,,,,,,,,,1,,,,,,25,,,,,,,,,,,,6,,,,,,2,,,,,
8714,EMPD2,Bakaly lake; W-E transect through mixed forests,Tinner_a43,41.8666666666667,71.9666666666667,1880,0.01,,moss,-54,15,"Beer, R., Tinner, W., Carraro, G., Grisa, E., 2007. Pollen representation in surface samples of the Juniperus, Picea and Juglans forest belts of Kyrgyzstan, central Asia. The Holocene 17, 599-611.",10.1177/0959683607078984,,,,,,,,,,,,55,,,,,,,,,14,,,,5,98,1,,,,,,2,,,1,,,,,,,,2,,,1,,,,,,,,,,,,2,,,,,,,,,,,,,,,,,18,,,,,,,,,,,,,1,,,,1,,,1,,,,,,,,,,,,,,,,,,,,,,,4,1,,,3,,,,13,,,254,,2,,,,,,,,,,,,,,6,,9,,,,,,,,,,,,,1,,,,,,13,,,,,,,,,,,,21,,,,,,,111,,,,,,,,,2,,,,,,,,,,,,2,,,,,,,,,,,3,,,,,2,,,1,1,,,,,,,,1,1,,1,,,1,,,,,,,,,,,,2,,,,,,,,,,,,2,,,,,,,,,,,1
